campaign_id,comments,company_id,created_at,data.adjectives_bikes.0,data.adjectives_bikes.1,data.adjectives_bikes.2,data.adjectives_motors.0,data.adjectives_motors.1,data.adjectives_motors.2,data.adjectives_pubs.0,data.adjectives_pubs.1,data.adjectives_pubs.2,data.age_class,data.change.levers.0,data.change.levers.1,data.change.levers.2,data.change.motivation,data.change.other_levers,data.change2.levers.0,data.change2.levers.1,data.change2.levers.2,data.change2.motivation,data.change2.other_levers,data.comments,data.company_vehicle,data.confidentiality,data.constraints.0,data.constraints.1,data.constraints.2,data.constraints.3,data.employment_rate,data.equipments.0,data.equipments.1,data.equipments.2,data.equipments.3,data.equipments.4,data.equipments.5,data.equipments.6,data.freq_mod_bike,data.freq_mod_car,data.freq_mod_combined,data.freq_mod_journeys.0.days,data.freq_mod_journeys.0.modes.0,data.freq_mod_journeys.0.modes.1,data.freq_mod_journeys.0.modes.2,data.freq_mod_journeys.1.days,data.freq_mod_journeys.1.modes.0,data.freq_mod_journeys.1.modes.1,data.freq_mod_journeys.1.modes.2,data.freq_mod_journeys.2.days,data.freq_mod_journeys.2.modes.0,data.freq_mod_moto,data.freq_mod_pro_europe_car,data.freq_mod_pro_europe_combined,data.freq_mod_pro_europe_plane,data.freq_mod_pro_europe_train,data.freq_mod_pro_inter_car,data.freq_mod_pro_inter_combined,data.freq_mod_pro_inter_plane,data.freq_mod_pro_inter_train,data.freq_mod_pro_journeys.0.days,data.freq_mod_pro_journeys.0.destination.lat,data.freq_mod_pro_journeys.0.destination.lon,data.freq_mod_pro_journeys.0.hex_id,data.freq_mod_pro_journeys.0.mode,data.freq_mod_pro_journeys.1.days,data.freq_mod_pro_journeys.1.destination.lat,data.freq_mod_pro_journeys.1.destination.lon,data.freq_mod_pro_journeys.1.hex_id,data.freq_mod_pro_journeys.1.mode,data.freq_mod_pro_journeys.2.days,data.freq_mod_pro_journeys.2.hex_id,data.freq_mod_pro_journeys.2.mode,data.freq_mod_pro_journeys.3.days,data.freq_mod_pro_journeys.3.hex_id,data.freq_mod_pro_journeys.3.mode,data.freq_mod_pro_local_bike,data.freq_mod_pro_local_car,data.freq_mod_pro_local_combined,data.freq_mod_pro_local_journeys.0.days,data.freq_mod_pro_local_journeys.0.destination.lat,data.freq_mod_pro_local_journeys.0.destination.lon,data.freq_mod_pro_local_journeys.0.mode,data.freq_mod_pro_local_moto,data.freq_mod_pro_local_pub,data.freq_mod_pro_local_train,data.freq_mod_pro_local_walking,data.freq_mod_pro_region_car,data.freq_mod_pro_region_combined,data.freq_mod_pro_region_moto,data.freq_mod_pro_region_plane,data.freq_mod_pro_region_pub,data.freq_mod_pro_region_train,data.freq_mod_pub,data.freq_mod_train,data.freq_mod_walking,data.freq_trav_pro_inter,data.freq_trav_pro_local,data.freq_trav_pro_region,data.importance_comfort,data.importance_cost,data.importance_env,data.importance_flex,data.importance_most,data.importance_rel,data.importance_time,data.needs_bike,data.needs_car,data.needs_moto,data.needs_pub,data.needs_train,data.needs_walking,data.origin.address,data.origin.lat,data.origin.lon,data.remote_work_rate,data.terms_conditions,data.trav_pro.0,data.trav_pro.1,data.trav_pro.2,data.travel_pro,data.travel_time,data.version,data.workplace.address,data.workplace.lat,data.workplace.lon,data.workplace.name,id,token,typo.reco.access.cargo,typo.reco.access.covoit,typo.reco.access.elec,typo.reco.access.inter,typo.reco.access.marche,typo.reco.access.tpu,typo.reco.access.train,typo.reco.access.vae,typo.reco.access.velo,typo.reco.error,typo.reco.reco_dt2.0,typo.reco.reco_dt2.1,typo.reco.scores.cargo,typo.reco.scores.covoit,typo.reco.scores.elec,typo.reco.scores.inter,typo.reco.scores.marche,typo.reco.scores.tpu,typo.reco.scores.train,typo.reco.scores.vae,typo.reco.scores.velo,typo.reco.t_traj_mm.did,typo.reco.t_traj_mm.oid,typo.reco.t_traj_mm.t_tim,typo.reco.t_traj_mm.t_tp,typo.reco.t_traj_mm.t_velo,typo.reco_actions.mesure_dt1,typo.reco_actions.mesure_dt1.0,typo.reco_actions.mesure_dt1.1,typo.reco_actions.mesure_dt1.2,typo.reco_actions.mesure_dt2,typo.reco_actions.mesure_dt2.0,typo.reco_actions.mesure_dt2.1,typo.reco_actions.mesure_dt2.2,typo.reco_actions.mesure_pro.0,typo.reco_actions.mesure_pro.0.0,typo.reco_actions.mesure_pro.1,typo.reco_actions.mesure_pro.1.0,typo.reco_actions.mesure_pro.2,typo.reco_actions.mesure_pro_loc.0,typo.reco_actions.mesure_pro_regint.0,typo.reco_actions.mesures_globa.0,typo.reco_actions.mesures_globa.1,typo.reco_actions.mesures_globa.2,typo.reco_pro.reco_pro_int,typo.reco_pro.reco_pro_loc,typo.reco_pro.reco_pro_reg,typo.reco_pro.reco_pros.0,typo.reco_pro.reco_pros.1,typo.reco_pro.reco_pros.2,typo.reco_pro.reco_pros.3,updated_at
1,Test de Matthieu 1,1,2025-03-12T15:38:28.277100,fast,ecological,autonomous,polluting,expensive,autonomous,practical,relax,fast,18-24,,,,,,,,,,,,false,,,,,,100,bike,train_subs,upt_subs,,,,,1,0,true,,,,,,,,,,,0,,,,,0,false,0,5,,,,,,,,,,,,,,,,,3,0,true,,,,,0,4,1,2,0,true,0,0,6,6,2,0,2,5,6,5,2,4,5,3,4,2,4,4,1,1,4,2,4,"Chemin de la Pépinière 8, 1213 Lancy CH",46.195622900000004,6.119146000000001,40,,,,,,35,,Route de la Galaise 15 1228 Plan-les-Ouates CH,46.1677445,6.1029748,,31,WOirJfo8h_ejs4tnUllBQQ,,0.7,0.7,0,0,1,1,1,0,,tpu,vae,,47,41,48,62,61,50,56,57,,,,,,,cff_pass_ag,,,,shower,bike_parking,bike_equipment,,,,,,ebike_fleet,train_pro,,,,,velo,train,,,,,2025-03-13T15:33:13.097085
1,,1,2025-03-13T09:13:30.079750,reliable,healthy,relax,polluting,dangerous,constraining,tiring,ecological,safe,65+,,,,,,,,,,,,false,,heavy,,,,100,bike,car_driver,,,,,,2,1,false,,,,,,,,,,,0,,,,,0,false,0,0,,,,,,,,,,,,,,,,,0,0,false,,,,,0,0,0,0,0,false,0,0,0,0,2,0,0,0,0,0,1,1,5,1,1,1,1,3,1,1,3,3,1,"Place de la Navigation, 1201 Geneva CH",46.21181215,6.14968965,40,,,,,,45,,Route de la Galaise 32 1228 Plan-les-Ouates CH,46.1677445,6.1029748,,33,qdDRe5mXcGS1T8BJqAJ_cQ,,0.7,1,0,0,1,1,0,0,,tpu,train,,44,38,45,52,60,51,65,66,,,,,,,cff_pass_ag,,,,cff_pass_ag,,,,,,,,,,,,,,,,,,,,2025-03-13T14:30:59.779947
1,,1,2025-03-13T09:14:48.622697,fast,pleasant,relax,slow,congested,polluting,practical,reliable,safe,26-44,,,,,,,,,,,,true,,,,,,100,bike,,,,,,,3,0,true,,,,,,,,,,,0,,,,,0,false,0,6,,,,,,,,,,,,,,,,,5,0,true,,,,,0,3,0,5,0,false,0,0,0,0,3,3,0,4,4,0,5,1,5,3,1,5,5,5,1,1,5,1,5,"Rue de Versoix, 01210 Ferney-Voltaire FR",46.259803649999995,6.1178092,0,,,,,,40,,Route de la Galaise 32 1228 Plan-les-Ouates CH,46.1677445,6.1029748,,34,AoNJDBTJGTOjVad4xwwIeQ,,0.7,0.7,1,0,1,0,1,0,,vae,tpu,,46,54,54,60,57,52,59,60,,,,,,,shower,bike_parking,bike_equipment,,cff_pass_ag,,,,,,,,ebike_fleet,,,,,,velo,,,,,,2025-03-13T09:23:47.725482
1,,1,2025-03-13T11:14:14.030707,fast,cheap,practical,impractical,polluting,congested,bad_weather,reliable,constraining,45-64,,,,,,,,,,,,false,,,,,,100,bike,car_driver,upt_subs,,,,,4,0,true,,,,,,,,,,,0,,,,,0,false,0,1,,,,,,,,,,,,,,,,,3,0,false,,,,,0,3,4,3,0,true,2,0,2,2,0,1,0,1,5,2,3,4,5,5,5,3,5,5,2,3,3,2,2,1288 Aire-la-Ville CH,46.1906616,6.04427905,40,,,,,,25,,Route de la Galaise 32 1228 Plan-les-Ouates CH,46.1677445,6.1029748,,35,ef-J8KKITwVqS2apCjDJzw,,0.7,0.7,0,0,1,1,1,0,,vae,tpu,,49,47,51,54,52,52,62,63,,,,,,,shower,bike_parking,bike_equipment,,cff_pass_ag,,,,,,,,ebike_fleet,train_pro,,,,,velo,train,,,,,2025-03-13T11:23:54.401963
3,,2,2025-03-13T14:11:29.612352,,,,,,,,,,26-44,,,,,,,,,,,,false,,,,,,80,eab,upt_subs,train_subs,,,,,4,0,false,,,,,,,,,,,0,,,,,0,false,0,0,,,,,,,,,,,,,,,,,0,0,false,,,,,0,0,0,0,0,false,0,0,0,0,4,0,0,0,0,0,1,1,1,1,1,1,1,1,1,1,1,1,1,"Chemin de la Mousse, 1225 Chêne-Bourg CH",46.1973718,6.1975452,40,,,,,,60,,Rue Jean Tschumi 1015 Ecublens CH,46.52034245,6.56488125,,36,-2wLTbubx_-OLD4MVCAFZQ,,0.7,0.7,0,0,1,1,0,0,,tpu,train,,47,47,47,52,55,47,54,55,,,,,,,tpg_pass,,,,cff_pass_ag,,,,,,,,,,,,,,,,,,,,2025-03-13T15:30:13.815785
1,,1,2025-03-13T14:36:10.581895,expensive,tiring,bad_weather,fast,pleasant,practical,slow,relax,safe,45-64,,,,,,,,,,,,false,,dependent,,,,100,car_driver,,,,,,,0,4,false,,,,,,,,,,,0,,,,,0,false,0,0,,,,,,,,,,,,,,,,,0,0,false,,,,,0,0,0,0,0,false,0,0,0,0,0,0,0,0,2,1,5,1,2,5,2,5,5,1,1,1,1,5,1,1290 Versoix CH,46.291218099999995,6.1587576,20,,,,,,60,,Route de la Galaise 32 1228 Plan-les-Ouates CH,46.1677445,6.1029748,,37,TlLXsHVbjEDc_UoUHco8tg,,0.7,1,0,0,1,1,0,0,,elec,train,,55,67,59,52,41,54,41,42,,,,,,,,,,,cff_pass_ag,,,,,,,,,,,,,,,,,,,,2025-03-13T14:41:09.501533
3,,2,2025-03-13T14:47:34.170455,fast,cheap,practical,healthy,autonomous,pleasant,polluting,dangerous,relax,65+,,,,,,,,,,,,false,,dependent,,,,100,bike,eab,train_subs,,,,,0,2,true,,,,,,,,,,,0,,,,,1,false,0,0,,,,,,,,,,,,,,,,,0,0,false,,,,,0,0,0,0,2,false,0,0,0,0,2,0,0,1,0,2,4,3,5,1,4,3,3,4,3,1,3,3,2,"Passerelle du Grand-Pont, 1003 Lausanne CH",46.5206725,6.630333,40,,,,,,30,,Rue Jean Tschumi 1015 Ecublens CH,46.52034245,6.56488125,,38,IF2Xin6MzOblZky_13adXA,,0.7,1,0,0,0,0,1,0,,vae,elec,,56,50,54,54,58,54,51,52,,,,,,,shower,bike_parking,,,ev_charging,,,,,,,,,train_pro,,,,train,,train,,,,,2025-03-13T14:49:16.330117
3,great job developers !,2,2025-03-13T15:17:09.862325,healthy,ecological,reliable,congested,tiring,unpleasant,ecological,safe,relax,26-44,,,,,,,,,,,,false,,dependent,,,,80,,,,,,,,0,0,false,,,,,,,,,,,0,,,,,0,false,0,0,,,,,,,,,,,,,,,,,0,0,false,,,,,0,0,0,0,0,false,0,0,0,0,0,0,5,0,2,1,5,2,4,3,5,4,5,1,1,1,1,1,5,"Chemin du Russel, 1025 Saint-Sulpice CH",46.5138779,6.564546050000001,20,,,,,,10,,"École Polytechnique Fédérale de Lausanne, Chemin du Pâqueret, 1025 Saint-Sulpice CH",46.518754400000006,6.566174200000001,,40,ycF5Q-SJlvmSd-7fRRReaA,,0.7,1,1,0,1,0,1,1,,elec,inter,,49,49,49,70,46,50,40,41,,,,,,,ev_charging,,,,cff_pass_ag,,,,,,,,,,,,,,,,,,,,2025-03-13T15:27:17.321867
3,,2,2025-03-13T15:30:19.921792,pleasant,healthy,ecological,polluting,tiring,congested,fast,ecological,practical,45-64,,,,,,,,,,,,false,,,,,,80,car_driver,train_subs,,,,,,0,2,true,,,,,,,,,,,0,,,,,0,false,0,0,,,,,,,,,,,,,,,,,0,0,false,,,,,0,0,0,0,0,false,0,0,0,0,2,2,0,0,0,0,4,1,5,4,1,4,1,1,1,1,5,1,1,74400 Chamonix-Mont-Blanc FR,45.9297923,6.92951685,40,,,,,,100,,Rue Jean Tschumi 1015 Ecublens CH,46.52034245,6.56488125,,43,cAZ9B1YLu5ACXQrGDP9qag,,0.7,0.7,0,0,0,0,0,0,,elec,covoit,,46,56,52,52,55,49,52,53,,,,,,,ev_charging,,,,carpool_connect,,,,,,,,,,,,,,,,,,,,2025-03-13T15:33:30.639278
3,"Please replace my origin by Zurich, Meierhofplatz and my travel time by 180 minutes.",2,2025-03-13T15:39:34.933226,cheap,tiring,ecological,polluting,congested,expensive,reliable,practical,ecological,26-44,,,,,,,,,,,,false,,,,,,100,,,,,,,,0,0,true,,,,,,,,,,,0,,,,,0,false,0,0,,,,,,,,,,,,,,,,,0,0,false,,,,,0,0,0,0,0,true,0,0,8,8,2,2,0,0,0,8,4,4,3,4,3,4,5,1,1,1,5,5,1,"Rue de Zurich, 1201 Genf CH",46.21207855,6.14571855,60,,,,,,120,,"École Polytechnique Fédérale de Lausanne, Route Cantonale, 1025 Ecublens CH",46.518754400000006,6.566174200000001,,44,9vyf688bLemyUqVWZ1gWkQ,,0.7,0.7,0,0,1,1,0,0,,tpu,train,,48,50,56,52,58,58,45,46,,,,,,,tpg_pass,,,,cff_pass_ag,,,,,,,,,train_pro,,,,,,train,,,,,2025-03-13T15:55:33.641586
3,"1. Pourquoi le questionnaire est en anglais ? 

2. Pourquoi proposer le ""carpooling"" si je n'ai pas de voitures, et si j'utilise seulement des modes de depl. décarbonné ? 
3. Questionnaire intéressant
",2,2025-03-13T15:45:42.945843,,,,,,,,,,26-44,,,,,,,,,,,,false,,,,,,100,bike,,,,,,,4,0,false,,,,,,,,,,,0,,,,,0,false,0,0,,,,,,,,,,,,,,,,,0,0,false,,,,,0,0,0,0,0,false,0,0,0,0,1,0,0,0,0,0,5,2,5,4,5,4,5,5,1,1,4,5,5,1003 Lausanne CH,46.520666500000004,6.6316507,40,,,,,,20,,1015 Ecublens CH,46.519966999999994,6.5699155000000005,,45,qItKw6lh0NPAyI4iFTjSZA,,0.7,0.7,0,0,0,0,1,0,,vae,covoit,,48,48,52,60,54,57,58,59,,,,,,,shower,bike_parking,,,carpool_connect,,,,,,,,,,,,,,,,,,,,2025-03-13T15:50:29.657016
1,,1,2025-03-13T15:57:14.147284,reliable,autonomous,relax,impractical,ecological,safe,impractical,expensive,dangerous,26-44,,,,,,,,,,,,false,,,,,,100,bike,,,,,,,3,0,false,,,,,,,,,,,0,,,,,0,false,0,0,,,,,,,,,,,,,,,,,0,0,false,,,,,0,0,0,0,0,false,0,0,0,0,3,0,3,0,0,0,1,4,5,1,1,1,2,4,1,1,5,5,1,Geneva CH,46.2048287,6.1430469,40,,,,,,20,,Route de la Galaise 32 1228 Plan-les-Ouates CH,46.1677445,6.1029748,,46,2rr1jCk3-HhHawXT6QYXuA,,0.7,0.7,0,0,1,1,1,0,,vae,tpu,,44,34,45,58,68,52,70,71,,,,,,,shower,bike_parking,bike_equipment,,cff_pass_ag,,,,,,,,,,,,,,,,,,,,2025-03-14T08:09:39.669512
3,,2,2025-03-13T15:57:26.065602,cheap,ecological,dangerous,polluting,practical,autonomous,fast,pleasant,ecological,26-44,,,,,,,,,,,,false,,night,,,,100,bike,,,,,,,5,0,true,,,,,,,,,,,0,,,,,0,false,0,0,,,,,,,,,,,,,,,,,0,0,false,,,,,0,0,0,0,0,false,0,0,0,0,1,1,1,0,0,0,2,4,4,2,1,1,4,5,1,1,2,1,1,"Chemin du Parc-de-Valency 3, 1004 Lausanne CH",46.52716785,6.61514775,0,,,,,,20,,Rue Jean Tschumi 1015 Ecublens CH,46.52034245,6.56488125,,47,4kb0R6tJG6Vb3Vo_XDZbYQ,,0.7,0.7,0,0,0,0,1,0,,vae,covoit,,47,43,48,54,54,46,68,69,,,,,,,shower,bike_parking,,,carpool_connect,,,,,,,,,,,,,,,,,,,,2025-03-13T16:02:31.473342
3,,2,2025-03-13T16:07:44.202404,cheap,ecological,tiring,fast,dangerous,polluting,bad_weather,cheap,practical,26-44,,,,,,,,,,,,false,,,,,,100,bike,upt_subs,,,,,,0,0,false,,,,,,,,,,,0,,,,,0,false,0,0,,,,,,,,,,,,,,,,,0,0,false,,,,,0,0,0,0,0,false,0,0,0,0,5,0,0,0,0,0,4,3,4,4,5,4,5,3,1,1,5,1,1,"Avenue de Cour 81, 1007 Lausanne CH",46.515419050000006,6.61487125,0,,,,,,15,,"École Polytechnique Fédérale de Lausanne, Chemin de la Dent d'Oche, 1024 Ecublens CH",46.518754400000006,6.566174200000001,,48,QobH-8oBv8KuFEnsrT2szg,,0.7,0.7,0,0,0,0,1,0,,vae,covoit,,48,48,48,52,65,49,47,48,,,,,,,shower,bike_parking,,,carpool_connect,,,,,,,,,,,,,,,,,,,,2025-03-14T07:56:42.799302
1,,1,2025-03-13T16:29:05.902167,pleasant,ecological,cheap,autonomous,polluting,practical,cheap,ecological,safe,65+,,,,,,,,,,,,false,,disabled,,,,60,upt_subs,mob_subs,eab,car_driver,,,,0,5,false,,,,,,,,,,,0,,,,,0,false,0,1,,,,,,,,,,,,,,,,,0,0,false,,,,,0,0,0,0,0,false,0,0,0,2,0,0,0,1,0,2,5,3,5,4,3,5,4,3,4,1,4,4,2,"Chemin du Nant-d'Aisy 15, 1247 Anières CH",46.2716195,6.2176937,50,,,,,,45,,Route de la Galaise 32 1228 Plan-les-Ouates CH,46.1677445,6.1029748,,49,FyZZtl1nWcn6zEUGf7EjiA,,1,0.7,1,0,1,0,0,0,,covoit,inter,,62,66,59,54,51,52,51,52,,,,,,,,,,,cff_pass_ag,,,,,,,,,train_pro,,,,,,train,,,,,2025-03-13T16:39:47.382902
3,"The examples of travel distances are relative to Geneva, despite the work location being Renens.",2,2025-03-13T18:07:35.789391,fast,autonomous,healthy,polluting,autonomous,expensive,ecological,safe,practical,26-44,,,,,,,,,,,,false,,dependent,,,,80,bike,,,,,,,0,0,false,,,,,,,,,,,0,,,,,0,false,0,0,,,,,,,,,,,,,,,,,0,0,false,,,,,0,0,0,0,0,false,0,0,0,0,4,0,0,0,0,0,4,4,5,5,2,4,4,5,1,3,5,4,1,"Avenue des Acacias 6, 1006 Lausanne CH",46.5132475,6.6314534,10,,,,,,30,,Rue Jean Tschumi 1015 Ecublens CH,46.52034245,6.56488125,,53,nA53wq8xyGRaJmsAJ_g-5Q,,0.7,1,0,0,0,0,1,0,,vae,elec,,45,49,49,52,62,50,58,59,,,,,,,shower,bike_parking,,,ev_charging,,,,,,,,,,,,,,,,,,,,2025-03-13T18:11:40.261858
3,,2,2025-03-13T18:15:18.312617,fast,cheap,ecological,expensive,dangerous,unpleasant,relax,practical,safe,26-44,,,,,,,,,,,,false,,heavy,,,,40,eab,upt_subs,,,,,,3,0,false,,,,,,,,,,,0,,,,,0,false,0,0,,,,,,,,,,,,,,,,,0,0,false,,,,,0,0,0,0,0,false,0,0,0,0,0,0,0,0,0,0,2,5,2,5,2,3,5,5,2,3,3,1,2,"Avenue de la Chablière 22, 1004 Lausanne CH",46.53160405,6.614744,50,,,,,,15,,"Rte Cantonale, 1015 Lausanne, Suisse",46.52034245,6.56488125,,54,r6Zkv8VdFzGwiKPK58ZIcw,,0.7,1,0,0,0,0,0,0,,elec,covoit,,48,52,48,54,50,43,63,64,,,,,,,ev_charging,,,,carpool_connect,,,,,,,,,,,,,,,,,,,,2025-03-13T18:31:09.291694
1,,1,2025-03-13T21:15:52.246387,cheap,fast,practical,impractical,polluting,tiring,pleasant,reliable,practical,26-44,,,,,,,,,,,,false,,,,,,75,bike,upt_subs,train_subs,,,,,3,0,true,,,,,,,,,,,0,,,,,0,false,0,0,,,,,,,,,,,,,,,,,0,0,true,,,,,0,1,1,1,0,true,0,0,4,4,4,4,4,0,8,4,4,2,4,3,4,4,3,3,1,1,5,4,5,"Sulgenauweg 18, 3007 Bern CH",46.93855,7.4342146,40,,,,,,90,,Klosbachsstrasse 48  8032 Zurich,46.1677445,6.1029748,,55,w3Uq3mQc3-uS3ZNEy4eKew,,0.7,0.7,1,0,1,0,0,0,,tpu,inter,,47,48,57,68,62,63,54,55,,,,,,,cff_pass_ag,,,,cff_pass_ag,,,,,,,,ebike_fleet,train_pro,,,,,velo,train,,,,,2025-03-13T21:23:17.774444
3,,2,2025-03-14T07:16:14.651528,slow,cheap,ecological,fast,practical,polluting,fast,ecological,congested,18-24,,,,,,,,,,,,false,,,,,,40,train_subs,upt_subs,,,,,,0,0,false,,,,,,,,,,,0,,,,,0,false,0,0,,,,,,,,,,,,,,,,,0,0,false,,,,,0,0,0,0,0,false,0,0,0,0,5,0,0,0,0,0,2,1,1,4,1,5,3,1,1,1,5,5,1,Neuchâtel CH,47.020830000000004,6.9184604499999995,5,,,,,,90,,"Rte Cantonale, 1015 Lausanne",46.52034245,6.56488125,,56,uNqZ8I5hV4MKVmiQ7Axruw,,0.7,0.7,1,0,1,0,1,0,,tpu,inter,,43,59,54,52,58,52,47,48,,,,,,,tpg_pass,,,,cff_pass_ag,,,,,,,,,,,,,,,,,,,,2025-03-14T07:24:43.468882
1,"Had to fill an extensive survey for decisions that I can make myself without this tool. The added value of the tool could be research on health benefits, environmental benefits etc. And policy recommendations for the canton, employer. Display trends from overall responses to the survey.",1,2025-03-14T07:49:45.142134,impractical,bad_weather,dangerous,fast,expensive,impractical,practical,reliable,safe,26-44,,,,,,,,,,,,true,,,,,,100,upt_subs,bike,,,,,,0,0,false,,,,,,,,,,,0,,,,,0,true,1,2,,,,,,,,,,,,,,,,,0,0,false,,,,,0,0,0,0,0,false,0,0,0,0,3,0,0,1,0,1,1,3,2,1,2,2,4,2,1,1,5,2,3,"Place de la Navigation, 1201 Geneva CH",46.21181215,6.14968965,50,,,,,,25,,"Route de La-Capite, 1223 Cologny CH",46.228830450000004,6.19698175,,57,jpa_vhrVgR4VN_IB-Kbpkg,,0.7,0.7,0,0,1,0,1,0,,tpu,vae,,49,43,48,56,64,49,47,48,,,,,,,cff_pass_ag,,,,shower,bike_parking,bike_equipment,,,,,,,train_pro,,,,train,,,,,,,2025-03-14T07:58:24.140254
1,"1. Mettre tout au début que les données sont traitées de manière confirdentielle
2.j0'ai mis 1222 Vésenaz (ce qui est correct) et le survey a corrigé en 1244 Vésenaz (ce qui est faux...)
3. rajouter une option ""commentaure libre"" sur les contraintes
4. Rajouzer un petit texte d'intridzcion annonçant qu'il va y avoir trois sets de questions sur les déplacements locaux, régionaux et internationaux",1,2025-03-14T08:01:49.736847,healthy,ecological,autonomous,congested,polluting,expensive,ecological,safe,relax,45-64,,,,,,,,,,,,false,,heavy,,,,90,bike,upt_subs,,,,,,5,0,true,,,,,,,,,,,0,,,,,0,false,0,0,,,,,,,,,,,,,,,,,10,0,false,,,,,0,0,0,0,0,false,0,0,0,3,1,1,0,0,10,3,2,1,5,5,5,3,2,5,1,1,2,1,1,1244 Vésenaz CH,46.2399181,6.1982222,15,,,,,,30,,Route de la Galaise 32 1228 Plan-les-Ouates CH,46.1677445,6.1029748,,58,6yhmiDeDJVoZXFcwduMBuA,,0.7,1,1,0,1,0,0,0,,tpu,inter,,44,45,49,52,52,52,65,66,,,,,,,cff_pass_ag,,,,cff_pass_ag,,,,,,,,ebike_fleet,train_pro,,,,,velo,train,,,,,2025-03-14T08:14:12.748425
1,"Les questions sur la mobilité hors Travail / domicile ne capturent pas la complexité/diversité des déplacement, et les recommendations sur cet aspect sont peu intéressantes.
Les moyens de transports partagés (car sharing/vléo partage, ...) ne semblent pas pris en compte ?
La question sur la priorisation des éléments (rapidité, conforts etc...) est interessante, mais on ne voit pas dans les résultats comment elle est prose en compte. Une mention de ces aspects à la fin serait utile.",1,2025-03-14T08:10:19.682400,cheap,healthy,autonomous,expensive,polluting,autonomous,ecological,congested,,45-64,,,,,,,,,,,,false,,,,,,100,bike,upt_subs,car_driver,,,,,4,0,true,,,,,,,,,,,0,,,,,0,true,1,3,,,,,,,,,,,,,,,,,0,0,false,,,,,0,0,0,0,0,false,0,0,0,0,4,4,0,3,1,1,5,1,5,3,5,4,3,5,1,1,5,4,4,"Chemin Louis-Dégallier 71C, 1290 Versoix CH",46.285885449999995,6.15609325,10,,,,,,45,,"Place d'Armes 20, 1227 Carouge CH",46.1867312,6.1394257,,60,jS7-hdQPwvIG4nrcaEbXqw,,0.7,0.7,0,0,1,1,1,0,,train,tpu,,48,48,57,58,62,64,58,59,,,,,,,cff_pass_ag,,,,cff_pass_ag,,,,,,,,,train_pro,,,,train,,,,,,,2025-03-14T08:25:37.522491
1,"
“What is your remote work rate ?”
Pour les personnes à temps partiel, pas très clair comment on doit répondre (et du coup il pourra y avoir un doute sur l’interprétation des réponses). Par ex. je travaille à 50%, dont la moitié en télétravail. Est-ce que j’indique 50% ou 25% comme taux de teletravail? On pourrait préciser dans la consigne la manière dont les gens à temps partiel doivent répondre.

« what are your possible constraints related to daily mobility”
L’option de réponse “parking card for disabled people” n’est pas une contrainte en soi il me semble. Avoir un handicap oui mais pas avoir la carte (ou alors c’est l’absence de carte alors qu’on en aurait besoin qui est la contrainte ?)
Pour cette même question, ajouter « none » ?(et « other » ?)

“How often do you use the following modes of transportation to get to work?”
C’est bizarre que l’échelle soit sur 7 jours non si on se rapporte seulement aux déplacements pour aller au travail. 


Pour les adjectifs en lien avec le vélo c’est un peu bizarre de mettre « healthy » et « bad weather » ensemble. 
Comment sont utilisés ces adjectifs dans l’outil ? Est-ce qu’on pourrait anticiper créer des messages personnalisés en fonction de ce que les gens répondent ? Par exemple quelqu’un qui dit que la voiture c’est rapide voit apparaitre un message qui dit qu’en moyenne sur une distance de Xkm dans une zone urbaine les vélos sont plus rapides que les voitures. 

Pour le feedback donné à la fin, pour une personne qui utilise déjà un mode de transport durable j’ajouterai un petit message du type :
Your commuting habits are already sustainable. Congratulations! To support you in maintaining this sustainable mode of transportations, your employer has taken measures. The following alternatives are available to you:

",1,2025-03-14T08:31:28.960184,bad_weather,,,fast,reliable,practical,slow,unpleasant,congested,26-44,,,,,,,,,,,,false,,,,,,45,eab,,,,,,,0,5,false,,,,,,,,,,,0,,,,,0,false,1,0,,,,,,,,,,,,,,,,,8,0,false,,,,,2,0,0,0,0,false,0,0,0,0,0,0,0,1,6,0,3,2,4,4,2,4,4,5,1,1,3,1,1,1225 Chêne-Bourg CH,46.19959585,6.19524305,20,,,,,,30,,"Université de Genève - Uni Mail, Boulevard du Pont-d'Arve 40, 1205 Geneva CH",46.19496565,6.13994545,,62,1VB0Fxwg7UMY6UMBRuFn6g,,0.7,0.7,0,0,1,1,1,0,,vae,tpu,,55,61,53,52,49,46,55,56,,,,,,,shower,bike_parking,bike_equipment,,cff_pass_ag,,,,,,,,ebike_fleet,,,,,,velo,,,,,,2025-03-14T08:52:24.269577
3,"Très claire, j’aime bien le format, la lisibilité, user friendly. Conseils utiles à la fin ",2,2025-03-14T12:19:58.914798,autonomous,healthy,tiring,autonomous,practical,congested,fast,expensive,practical,26-44,,,,,,,,,,,,false,,,,,,50,bike,upt_subs,train_subs,,,,,0,0,true,,,,,,,,,,,0,,,,,0,false,0,0,,,,,,,,,,,,,,,,,0,0,false,,,,,0,0,0,0,0,true,0,0,4,4,5,0,5,0,0,4,3,5,4,3,1,5,5,3,1,1,5,5,5,"Place du Vallon 2, 1011 Lausanne CH",46.526901499999994,6.63937425,0,,,,,,40,,"46.5207338, 6.5646557",46.52034245,6.56488125,,65,4PznepCSh-B1XNT3cMqKNg,,0.7,0.7,0,0,1,1,1,0,,tpu,vae,,45,48,52,70,64,52,55,56,,,,,,,tpg_pass,,,,shower,bike_parking,,,,,,,,train_pro,,,,,,train,,,,,2025-03-14T12:33:46.101649
3,,2,2025-03-14T18:49:28.158037,,,,,,,,,,25-44,,,,0,,,,,,,,false,true,dependent,,,,80,car_driver,car_passenger,bike,ebike,upt_subs,car,mob_subs,0,0,false,2,car,,,2,bike,train,pub,,,0,,,,,0,false,0,0,,,,,,,,,,,,,,,,,0,0,false,,,,,0,0,0,0,0,false,0,0,0,0,0,0,0,0,0,0,5,4,5,5,3,4,3,1,5,3,4,4,1,"Rue Charles-Giron 26, 1203 Geneva CH",46.2073388,6.1268707,0,true,,,,false,60,,,46.5203631556945,6.568084541701296,,66,Eo7ejHQ_dvR1JQAs7iCR3Q,0,0.7,0.9,1,0,1,1,0,0,,inter,tpu,56,53,57,60,63,58,58,53,56,,,,,,,,,,,tpg_pass,,,,,,,,,,wfh,wftp,En vélo sur mars,,,,,,,,2025-10-17T19:08:49.713323
3,,2,2025-03-14T18:52:36.788985,ecological,practical,autonomous,expensive,polluting,,constraining,ecological,,26-44,,,,,,,,,,,,false,,dependent,,,,80,upt_subs,train_subs,bike,,,,,0,0,false,,,,,,,,,,,0,,,,,0,false,0,0,,,,,,,,,,,,,,,,,0,0,false,,,,,0,0,0,0,0,false,0,0,0,0,4,0,0,0,0,0,3,3,5,5,2,5,5,5,1,1,5,5,1,"Avenue des Acacias 6, 1006 Lausanne CH",46.5132475,6.6314534,20,,,,,,30,,Rue Jean Tschumi 1015 Ecublens CH,46.52034245,6.56488125,,67,lKJyoErVm3ZLPq1aPTo9YQ,,0.7,1,0,0,0,0,1,0,,vae,elec,,44,50,51,52,61,53,57,58,,,,,,,shower,bike_parking,,,ev_charging,,,,,,,,,,,,,,,,,,,,2025-03-14T18:58:49.360238
3,,2,2025-03-15T14:00:28.266763,ecological,pleasant,reliable,pleasant,polluting,practical,tiring,unpleasant,expensive,26-44,,,,,,,,,,,,false,,dependent,,,,80,car_driver,upt_subs,,,,,,0,0,true,,,,,,,,,,,0,,,,,0,false,1,1,,,,,,,,,,,,,,,,,0,0,true,,,,,0,5,5,5,0,false,0,0,0,0,3,3,3,1,5,1,5,4,4,2,2,3,3,1,1,1,2,2,5,1800 Vevey CH,46.4510655,6.839870400000001,40,,,,,,50,,"École Polytechnique Fédérale de Lausanne, Route Cantonale, 1025 Ecublens CH",46.518754400000006,6.566174200000001,,69,BSBmxXvtOR_QKI8RgQnE5w,,0.7,1,1,0,1,0,1,0,,tpu,inter,,48,47,53,66,55,54,47,48,,,,,,,tpg_pass,,,,cff_pass_ag,,,,,,,,,train_pro,,,,train,marche,,,,,,2025-03-15T14:05:14.630283
3,,2,2025-03-16T19:01:55.383289,autonomous,ecological,reliable,fast,polluting,autonomous,expensive,pleasant,safe,18-24,,,,,,,,,,,,false,,heavy,night,,,20,eab,upt_subs,,,,,,4,0,false,,,,,,,,,,,0,,,,,0,false,0,0,,,,,,,,,,,,,,,,,0,0,false,,,,,0,0,0,0,0,false,0,0,0,0,3,0,0,0,2,0,3,4,4,1,1,4,5,4,1,1,5,4,4,"La Ruelle 6, 1026 Echandens CH",46.534408150000004,6.54221295,0,,,,,,15,,"École Polytechnique Fédérale de Lausanne, Route Cantonale, 1025 Ecublens CH",46.518754400000006,6.566174200000001,,70,8EL_w74NamYg8zk43PMuDw,,1,1,1,0,1,0,0,0,,tpu,inter,,47,46,50,58,62,51,62,63,,,,,,,tpg_pass,,,,cff_pass_ag,,,,,,,,,,,,,,,,,,,,2025-03-16T19:14:49.795559
1,"La longueur du questionnaire est appropriée. Il manque la proposition du mode de transport ""trottinette"" (électrique ou non), seul ou en combinaison",1,2025-03-17T13:45:50.467056,ecological,autonomous,healthy,congested,polluting,expensive,ecological,relax,reliable,45-64,,,,,,,,,,,,false,,,,,,25,eab,upt_subs,,,,,,1,0,false,,,,,,,,,,,0,,,,,0,false,0,0,,,,,,,,,,,,,,,,,0,0,false,,,,,0,0,0,0,0,false,0,0,0,0,1,0,0,0,1,1,4,3,5,4,4,4,3,5,1,1,5,3,3,1258 Perly-Certoux CH,46.1574217,6.0918963999999995,35,,,,,,10,,Route de la Galaise 32 1228 Plan-les-Ouates CH,46.1677445,6.1029748,,71,WXeMPaky5QCc-kP2UW4aHw,,0.7,0.7,0,0,1,1,1,1,,velo,vae,,46,46,48,56,57,52,57,58,,,,,,,shower,bike_parking,bike_equipment,,shower,bike_parking,bike_equipment,,,,,,,,,,,,,,,,,,2025-03-17T14:07:14.529657
3,"Excellent c'est vraiment rapide. Pour les adresses il faut indiquer de mettre entrer...
Merci pour ce travail",2,2025-03-17T13:58:29.417798,fast,relax,healthy,slow,polluting,congested,slow,constraining,ecological,26-44,,,,,,,,,,,,false,,,,,,100,bike,train_subs,upt_subs,car_driver,,,,3,0,true,,,,,,,,,,,0,,,,,0,false,0,0,,,,,,,,,,,,,,,,,2,0,false,,,,,0,2,1,4,0,false,0,0,0,0,2,2,5,0,4,0,3,1,5,5,5,5,5,5,1,1,3,2,5,"Rue de Versoix, 01210 Ferney-Voltaire FR",46.259803649999995,6.1178092,0,,,,,,40,,"Route de la Galaise 15a, 1228 Plan-les-Ouates CH",46.1654998,6.1027588999999995,,72,1-oZ-gbo1fym8rdexasAGg,,0.7,0.7,0,0,1,0,1,0,,vae,tpu,,46,49,53,70,54,55,58,59,,,,,,,shower,bike_parking,,,tpg_pass,,,,,,,,,,,,,,marche,,,,,,2025-03-17T14:02:59.857640
3,"Afficher la consigne de presser Entrée pour l'adresse en plus gros. Les qualificatifs devraient être plus visiblement différenciés, ce n'est pas évident qu'on sélectionner 2 adjectifs différents dans la même boite verte. Réduire la police de cette boire ou agrandir la boite de dialogue, car les lignes se superposent",2,2025-03-17T14:02:42.782074,expensive,ecological,healthy,expensive,polluting,autonomous,ecological,congested,practical,26-44,,,,,,,,,,,,false,,,,,,100,bike,upt_subs,train_subs,car_driver,,,,0,0,false,,,,,,,,,,,0,,,,,0,false,0,0,,,,,,,,,,,,,,,,,0,0,false,,,,,0,0,0,0,0,false,0,0,0,0,5,0,0,0,1,0,2,3,3,3,2,3,5,4,1,1,4,2,3,"Avenue du Léman 66, 1005 Lausanne CH",46.513951899999995,6.65226265,40,,,,,,40,,Rue Jean Tschumi 1015 Ecublens CH,46.52034245,6.56488125,,74,xm_zVRKZTSK5bKzbjq7z2A,,0.7,0.7,1,0,1,0,1,0,,tpu,vae,,47,48,49,56,63,48,52,53,,,,,,,tpg_pass,,,,shower,bike_parking,,,,,,,,,,,,,,,,,,,2025-03-17T14:20:05.853440
3,"Pas hyper user friendly - ""press enter"" pour entrer l'adresse de domicile, j'ai abandonné. Beaucoup trop de texte à lire",2,2025-03-17T14:08:49.658823,unpleasant,bad_weather,dangerous,fast,practical,polluting,expensive,ecological,safe,16-17,,,,,,,,,,,,false,,,,,,100,train_subs,upt_subs,car_driver,,,,,0,0,true,,,,,,,,,,,0,,,,,0,false,0,0,,,,,,,,,,,,,,,,,0,0,false,,,,,0,0,0,0,0,true,0,0,3,3,1,1,0,0,0,3,3,4,3,4,4,4,5,1,4,1,3,3,3,"Avenue Nestlé, 1800 Vevey CH",46.46384855,6.83746205,40,,,,,,45,,Rue Jean Tschumi 1015 Ecublens CH,46.52034245,6.56488125,,75,dsSs10R3RGNM8uMfLjwVow,,0.7,0.7,1,0,1,0,1,0,,inter,tpu,,54,54,56,56,53,53,45,46,,,,,,,cff_pass_ag,,,,tpg_pass,,,,,,,,,train_pro,,,,,,train,,,,,2025-03-18T09:55:22.314552
1,"question sur la fréquence des modes pas assez claire, il faudrait bien préciser qu on ne parle pas de temps nécessaire pour chaque mode",1,2025-03-17T15:21:25.620376,practical,ecological,autonomous,dangerous,polluting,tiring,ecological,safe,practical,26-44,,,,,,,,,,,,false,,dependent,,,,80,train_subs,upt_subs,eab,,,,,0,0,true,,,,,,,,,,,0,,,,,0,false,0,0,,,,,,,,,,,,,,,,,0,0,false,,,,,0,0,0,0,0,false,0,0,0,0,2,2,0,0,2,1,3,3,5,4,1,5,5,3,1,2,5,5,1,"Route de Divonne 25, 1260 Nyon CH",46.3823007,6.2287618,30,,,,,,50,,"Route de la Galaise 15a, 1228 Plan-les-Ouates CH",46.1654998,6.1027588999999995,,77,xVIqfI7pEdIVeN6Qfz6w1w,,0.7,1,0,0,1,0,0,0,,tpu,elec,,44,50,55,52,57,56,54,55,,,,,,,cff_pass_ag,,,,,,,,,,,,,,,,,,,,,,,,2025-03-17T15:34:45.702497
1,,1,2025-03-17T15:44:26.283238,dangerous,unpleasant,healthy,polluting,reliable,autonomous,slow,impractical,congested,26-44,,,,,,,,,,,,true,,heavy,dependent,,,100,car_driver,upt_subs,car_passenger,,,,,2,5,false,,,,,,,,,,,0,,,,,2,true,2,1,,,,,,,,,,,,,,,,,0,0,false,,,,,0,0,0,0,0,false,0,0,0,0,0,0,0,2,1,1,5,4,2,3,5,5,5,3,5,2,1,1,1,"Route de Divonne 25, 1260 Nyon CH",46.3823007,6.2287618,0,,,,,,30,,Route de la Galaise 32 1228 Plan-les-Ouates CH,46.1677445,6.1029748,,78,pnOvVySH-pLbW2EVdVSrlw,,1,1,0,0,0,0,0,0,,covoit,elec,,68,67,58,52,46,49,49,50,,,,,,,,,,,,,,,,,,,,train_pro,,,,train,,,,,,,2025-03-17T15:50:41.192705
3,,2,2025-03-18T07:53:04.810572,autonomous,healthy,reliable,expensive,polluting,congested,ecological,safe,,26-44,,,,,,,,,,,,false,,dependent,,,,80,bike,eab,,,,,,4,0,false,,,,,,,,,,,0,,,,,0,false,0,0,,,,,,,,,,,,,,,,,0,0,true,,,,,0,2,5,5,0,false,0,0,0,0,0,1,2,0,5,0,1,4,3,5,1,5,5,5,1,1,4,1,1,"Chemin de Bel Orne, 1008 Prilly CH",46.5299557,6.604908,0,,,,,,20,,"EPFL 1024 Ecublens ",46.52034245,6.56488125,,79,hApaNv1TO-UYMbrwgje4gQ,,0.7,1,0,0,0,0,1,0,,vae,elec,,43,51,47,56,51,45,68,69,,,,,,,shower,bike_parking,,,ev_charging,,,,,,,,,,,,,,marche,,,,,,2025-03-18T08:01:17.055689
3,,2,2025-03-18T10:20:53.585816,fast,practical,pleasant,impractical,fast,constraining,practical,cheap,reliable,26-44,,,,,,,,,,,,false,,,,,,100,eab,upt_subs,,,,,,0,0,false,,,,,,,,,,,0,,,,,0,true,1,1,,,,,,,,,,,,,,,,,0,0,false,,,,,0,0,0,0,0,false,0,0,0,0,1,0,0,1,0,0,3,3,3,3,1,4,4,5,3,1,5,1,1,"Cour de l'Emine, 1226 Thônex CH",46.203168500000004,6.213533050000001,80,,,,,,25,,"Route de La-Capite 91, 1223 Cologny CH",46.2249961,6.19148835,,81,uQf712QWcvBwskOepwSwvA,,0.7,0.7,0,0,1,0,1,1,,velo,vae,,50,55,50,52,55,44,56,57,,,,,,,shower,bike_parking,,,shower,bike_parking,,,,,,,,train_pro,,,,train,,,,,,,2025-03-18T19:21:08.653311
1,,1,2025-03-18T17:00:36.907651,ecological,relax,healthy,expensive,polluting,constraining,practical,ecological,reliable,26-44,,,,,,,,,,,,true,,,,,,80,bike,eab,upt_subs,train_subs,car_driver,,,3,1,true,,,,,,,,,,,0,,,,,0,false,0,2,,,,,,,,,,,,,,,,,5,2,true,,,,,0,10,10,5,0,true,0,0,4,4,3,2,2,2,6,3,5,3,5,4,5,4,2,5,3,1,5,5,3,"Chemin de Presles, 74500 Lugrin FR",46.3983026,6.6481223499999995,20,,,,,,90,,"Avenue de Sévelin 28, 1004 Lausanne",46.1677445,6.1029748,,83,QyKN0C5yBdyetQ_jPJ1PpQ,,0.7,0.7,1,0,0,0,0,0,,inter,covoit,,52,52,57,60,61,61,60,61,,,,,,,cff_pass_ag,,,,,,,,,,,,ebike_fleet,train_pro,,,,,velo,train,,,,,2025-03-18T17:07:04.700361
1,,1,2025-03-19T09:20:11.346761,practical,ecological,healthy,polluting,dangerous,tiring,fast,expensive,ecological,65+,,,,,,,,,,,,false,,,,,,0,bike,upt_subs,train_subs,mob_subs,,,,1,0,true,,,,,,,,,,,0,,,,,0,false,0,0,,,,,,,,,,,,,,,,,5,0,true,,,,,0,5,5,0,0,true,0,0,5,5,1,1,0,0,5,5,4,4,5,4,5,4,2,5,1,1,5,1,5,"Rue des Charbonniers, 1225 Chêne-Bourg CH",46.1961967,6.1977378000000005,0,,,,,,70,,Lausanne CH,46.52872495,6.6523409000000004,,84,c_Vq4Pk4ivC6SLHSGB_dsQ,,0.7,0.7,0,0,1,1,0,0,,tpu,train,,46,44,48,60,58,50,58,59,,,,,,,cff_pass_ag,,,,cff_pass_ag,,,,,,,,ebike_fleet,train_pro,,,,,velo,train,,,,,2025-03-19T09:27:39.315236
3,,2,2025-03-19T12:16:35.213084,fast,cheap,practical,,,,,,,45-64,,,,,,,,,,,,false,,dependent,heavy,night,disabled,100,train_subs,,,,,,,0,2,true,,,,,,,,,,,0,,,,,5,false,10,0,,,,,,,,,,,,,,,,,0,0,false,,,,,0,0,0,0,0,false,0,0,0,0,0,5,0,10,0,0,1,3,1,3,1,3,1,3,5,5,5,5,1,Lausanne CH,46.52872495,6.6523409000000004,40,,,,,,0,,Rue Jean Tschumi 1015 Ecublens CH,46.52034245,6.56488125,,85,7TQPHLgWxWX50H3bAuy_IQ,,1,1,1,0,0,0,0,0,,inter,elec,,54,61,62,52,53,60,59,60,,,,,,,cff_pass_ag,,,,ev_charging,,,,,,,,,train_pro,,,,train,,,,,,,2025-03-19T13:06:14.269147
1,,1,2025-03-19T16:26:39.641601,fast,cheap,practical,polluting,dangerous,fast,fast,ecological,safe,45-64,,,,,,,,,,,,false,,heavy,,,,100,bike,,,,,,,5,0,false,,,,,,,,,,,0,,,,,0,false,1,1,,,,,,,,,,,,,,,,,7,0,false,,,,,0,7,0,0,0,false,0,0,0,0,2,0,5,1,4,1,1,2,2,4,3,1,4,5,1,1,4,1,4,"Rue des Voisins, 1205 Genève CH",46.1959189,6.144433449999999,0,,,,,,25,,Route de la Galaise 32 1228 Plan-les-Ouates CH,46.1677445,6.1029748,,87,hciV91BYxHYxCoZVPeUeTg,,0.7,1,0,0,1,1,0,0,,tpu,elec,,48,48,48,68,58,47,61,62,,,,,,,cff_pass_ag,,,,,,,,,,,,ebike_fleet,train_pro,,,,train,velo,,,,,,2025-03-19T16:33:14.358349
1,,1,2025-03-19T17:36:13.270203,cheap,practical,healthy,expensive,congested,pleasant,fast,relax,reliable,45-64,,,,,,,,,,,,false,,,,,,100,eab,upt_subs,train_subs,,,,,3,0,false,,,,,,,,,,,0,,,,,0,false,0,0,,,,,,,,,,,,,,,,,3,0,false,,,,,0,3,1,3,0,false,0,0,5,5,3,0,3,0,5,5,3,3,4,3,4,5,4,4,1,1,5,5,3,Épalinges CH,46.552389500000004,6.66673705,40,,,,,,80,,Route de la Galaise 32 1228 Plan-les-Ouates CH,46.1677445,6.1029748,,89,IITA7M5oXpF6D2h6lxTpxw,,0.7,0.7,1,0,1,0,0,0,,tpu,inter,,46,46,51,62,61,56,58,59,,,,,,,cff_pass_ag,,,,cff_pass_ag,,,,,,,,ebike_fleet,train_pro,,,,,velo,train,,,,,2025-03-19T17:42:43.296516
3,,2,2025-03-20T08:06:14.519837,pleasant,constraining,tiring,healthy,,,relax,impractical,,26-44,,,,,,,,,,,,false,,heavy,,,,100,train_subs,,,,,,,2,5,true,,,,,,,,,,,0,,,,,10,false,25,0,,,,,,,,,,,,,,,,,5,15,true,,,,,1,0,0,0,5,true,10,0,10,0,0,0,4,6,6,15,5,4,1,5,1,1,5,1,4,5,3,1,4,"Rue du Grand-Pré, 1211 Genève CH",46.21383815,6.13614075,40,,,,,,15,,Rue Jean Tschumi 1015 Ecublens CH,46.52034245,6.56488125,,91,AoKPYRn3-H0iEaoxM99N1A,,0.7,1,0,0,0,0,0,0,,elec,covoit,,66,73,60,66,48,42,46,47,,,,,,,ev_charging,,,,carpool_connect,,,,,,,,,,,,,elec,velo,elec,,,,,2025-03-20T08:49:50.429177
3,,2,2025-03-20T08:49:55.879023,slow,polluting,safe,fast,cheap,,slow,healthy,tiring,65+,,,,,,,,,,,,false,,night,,,,100,upt_subs,train_subs,mob_subs,eab,moto,car_driver,car_passenger,5,7,false,,,,,,,,,,,5,,,,,0,false,5,0,,,,,,,,,,,,,,,,,5,5,true,,,,,1,5,0,5,0,false,0,25,10,0,2,0,4,30,15,6,1,5,1,3,4,1,1,4,5,1,1,1,4,"Rue du Grand-Pré, 1211 Genève CH",46.21383815,6.13614075,55,,,,,,15,,Rue Jean Tschumi 1015 Ecublens CH,46.52034245,6.56488125,,93,re-FntppmjIUy5bmtYxjPA,,0.7,0.7,0,0,0,0,0,0,,covoit,elec,,70,60,54,66,56,47,66,67,,,,,,,carpool_connect,,,,ev_charging,,,,,,,,,,,,,,velo,elec,,,,,2025-03-20T08:52:20.197025
3,,2,2025-03-20T11:01:02.109401,,,,,,,,,,26-44,,,,,,,,,,,,false,,,,,,100,car_driver,bike,,,,,,0,3,false,,,,,,,,,,,0,,,,,0,false,0,0,,,,,,,,,,,,,,,,,0,0,false,,,,,0,0,0,0,0,false,0,0,0,0,2,0,0,0,0,0,3,3,5,4,3,2,4,2,4,4,3,2,2,Geneva CH,46.2048287,6.1430469,40,,,,,,30,,Rue Jean Tschumi 1015 Ecublens CH,46.52034245,6.56488125,,94,MJMimjvQhD8InzWRboQ5qA,,0.7,0.7,0,0,0,0,0,0,,covoit,elec,,58,58,53,54,56,48,49,50,,,,,,,carpool_connect,,,,ev_charging,,,,,,,,,,,,,,,,,,,,2025-03-20T14:46:01.774057
1,Je ne vois pas pourquoi on me propose pas les TP (c'est Matthieu),1,2025-03-24T09:38:08.919486,cheap,fast,practical,polluting,impractical,slow,fast,cheap,practical,45-64,,,,,,,,,,,,false,,,,,,100,mob_subs,car_driver,ebike,,,,,0,3,false,,,,,,,,,,,0,,,,,0,false,10,0,,,,,,,,,,,,,,,,,0,0,false,,,,,0,0,0,0,0,false,0,5,0,0,0,0,0,11,3,2,4,4,4,3,4,3,3,4,1,4,4,4,1,,46.198495216546235,6.127561189115994,50,,,,,,15,,,46.167232978212496,6.105606128728283,,95,-8kWDW9eu9nNUBCH7F_72A,,0.7,0.7,0,0,0,0,1,0,,vae,covoit,,54,51,52,52,54,54,52,53,,,,,,,shower,bike_parking,bike_equipment,,,,,,,,,,,train_pro,wfh,wftp,,train,,train,,,,,2025-03-27T10:05:51.899603
1,,1,2025-03-25T09:18:02.425214,practical,autonomous,reliable,,,,safe,practical,reliable,45-64,,,,,,,,,,,,false,,,,,,100,bike,,,,,,,5,0,false,,,,,,,,,,,0,,,,,0,false,0,0,,,,,,,,,,,,,,,,,0,0,false,,,,,0,0,0,0,0,false,0,0,0,0,0,0,0,0,0,1,3,1,3,4,1,3,2,4,1,1,3,1,1,"Chemin de Chantecoucou 59, 1255 Vessy CH",46.1704352,6.1778291,40,,,,,,25,,"L’EFG Bank, Quai du Seujet 24, 8973 Geneva CH",46.2048991,6.1349585,,96,BORqw25NY7YqsZWYBSw1xg,,0.7,0.7,1,0,1,0,1,0,,vae,inter,,43,55,48,52,47,44,65,66,,,,,,,shower,bike_parking,bike_equipment,,cff_pass_ag,,,,,,,,,,,,,,,,,,,,2025-03-25T09:22:26.952002
1,,1,2025-03-26T14:30:59.309808,healthy,reliable,relax,polluting,dangerous,congested,ecological,practical,expensive,,,,,,,,,,,,,false,,,,,,100,bike,car_driver,,,,,,0,4,false,,,,,,,,,,,0,,,,,0,false,0,0,,,,,,,,,,,,,,,,,0,0,false,,,,,0,0,0,0,0,false,0,0,0,0,1,0,0,0,0,0,3,3,5,3,4,4,4,4,3,1,4,3,2,"Rue de Versoix, 01210 Ferney-Voltaire FR",46.259803649999995,6.1178092,40,,,,,,30,,"Place de la Navigation, 1201 Geneva CH",46.21181215,6.14968965,,98,JTleUWuuj57RbNmYK9A_PA,,0.7,0.7,1,0,1,0,1,0,,tpu,inter,,58,57,54,54,56,52,53,54,,,,,,,cff_pass_ag,,,,cff_pass_ag,,,,,,,,,,wfh,wftp,,,,,,,,,2025-03-28T09:49:42.592766
3,,2,2025-03-26T19:08:56.662811,slow,cheap,practical,cheap,practical,ecological,slow,impractical,polluting,25-44,,,,,,,,,,,,false,true,dependent,,,,100,ebike,upt_subs,train_subs,,,,,5,0,false,,,,,,,,,,,0,,,,,0,false,0,0,,,,,,,,,,,,,,,,,0,20,false,,,,,10,0,17,0,0,false,0,0,0,0,5,5,5,0,0,0,1,5,1,5,1,5,5,5,1,1,1,1,1,,46.32221859533607,6.190169713243762,40,true,local,,,,5,,,46.52042365721829,6.565911218259657,,102,I5fsadW1Mn1quYwC5Zm8Qw,,0.7,1,0,0,0,0,0,0,,elec,covoit,,44,52,52,62,54,52,69.9,70,,,,,,,ev_charging,,,,carpool_connect,,,,,,,,,,wfh,wftp,,,velo,,,,,,2025-04-07T20:04:49.189068
3,,2,2025-03-26T20:00:18.542728,reliable,bad_weather,constraining,,,,reliable,dangerous,,25-44,,,,,,,,,,,,false,,disabled,,,,90,moto,,,,,,,0,0,false,,,,,,,,,,,0,,,,,0,false,0,0,,,,,,,,,,,,,,,,,0,0,false,,,,,0,0,0,0,0,false,0,0,0,0,0,2,0,0,0,0,1,1,1,5,1,1,1,1,1,1,1,4,1,,46.19374754567585,6.151621376462458,40,,,,,,5,,,46.5312302728253,6.540037074422287,,103,jPgNg4xysTzRA1XSdQ8X8w,,1,0.7,0,0,0,0,0,0,,covoit,elec,,42,58,52,52,42,52,51,52,,,,,,,carpool_connect,,,,ev_charging,,,,,,,,,,,,,,,,,,,,2025-03-26T20:02:14.413123
3,UX Test Hugo,2,2025-03-27T08:51:42.470122,fast,cheap,ecological,expensive,polluting,congested,fast,ecological,practical,25-44,,,,,,,,,,,,false,,dependent,,,,80,bike,,,,,,,0,0,true,,,,,,,,,,,0,,,,,0,false,0,0,,,,,,,,,,,,,,,,,0,0,false,,,,,0,0,0,0,0,false,0,0,0,0,4,0,4,0,0,0,3,2,5,5,3,4,4,5,4,4,5,1,1,"Avenue des Acacias 6, 1006 Lausanne CH",46.5132475,6.6314534,20,,,,,,30,,,46.52093402579047,6.5656187753425,,104,2tywxsAB9gDaULw4fJ0Syw,,0.7,1,0,0,0,0,1,0,,vae,elec,,51,55,52,60,62,46,56,57,,,,,,,shower,bike_parking,,,ev_charging,,,,,,,,,,wfh,wftp,,,,,,,,,2025-03-27T09:16:03.097253
3,UX test Hugo,2,2025-03-27T09:18:59.261680,pleasant,autonomous,ecological,expensive,polluting,constraining,pleasant,reliable,safe,25-44,,,,,,,,,,,,false,,disabled,,,,80,upt_subs,train_subs,mob_subs,,,,,0,0,true,,,,,,,,,,,0,,,,,0,false,0,0,,,,,,,,,,,,,,,,,0,0,false,,,,,0,0,0,0,0,false,0,0,0,0,3,1,4,0,0,0,3,4,5,3,3,4,4,4,3,3,5,1,1,"Avenue de Valmont 7, 1010 Lausanne CH",46.5361331,6.6555222999999994,40,,,,,,45,,Rue Jean Tschumi 1015 Ecublens CH,46.52034245,6.56488125,,105,iboW9bX5u1XRk7lb9FZZWA,,1,0.7,1,0,0,0,0,0,,inter,covoit,,50,49,51,60,62,48,55,56,,,,,,,cff_pass_ag,,,,carpool_connect,,,,,,,,,,wfh,wftp,,,,,,,,,2025-03-27T09:22:08.716133
1,,1,2025-03-27T10:05:55.682334,slow,expensive,impractical,slow,expensive,impractical,fast,cheap,practical,25-44,,,,,,,,,,,,false,,,,,,100,car_driver,mob_subs,,,,,,0,3,false,,,,,,,,,,,0,,,,,0,false,5,0,,,,,,,,,,,,,,,,,0,10,false,,,,,5,0,0,0,0,false,5,0,5,0,0,0,0,5,10,5,4,4,4,4,4,4,4,1,4,4,5,3,3,,46.19806457330648,6.140938281283155,40,,,,,,20,,,46.16702109738145,6.100154668858551,,106,p1SfCsHM9f2eENFffhO7lA,,0.7,0.7,0,0,1,0,1,0,,tpu,vae,,59,59,55,56,55,51,46,47,,,,,,,cff_pass_ag,,,,shower,bike_parking,bike_equipment,,,,,,tpu_pro,train_pro,wfh,wftp,,train,tpu,train,,,,,2025-03-27T10:15:39.273018
3,,2,2025-03-27T16:48:01.777506,cheap,practical,ecological,dangerous,tiring,congested,impractical,autonomous,relax,25-44,,,,,,,,,,,,false,,heavy,,,,100,car_driver,moto,,,,,,0,5,false,,,,,,,,,,,5,,,,,0,false,0,0,,,,,,,,,,,,,,,,,0,0,false,,,,,0,0,0,0,0,false,8,0,0,0,0,0,1,,,,1,1,1,1,1,1,1,1,1,1,1,1,1,,46.20690742020784,6.140662859771766,40,,region,,,,0,,Rue Jean Tschumi 1015 Ecublens CH,46.52034245,6.56488125,,107,xB4KvDbQOahlX7SJTDb1Fg,,0.7,1,0,0,0,0,0,0,,elec,covoit,,57,57,52,54,47,47,46.9,47,,,,,,,ev_charging,,,,carpool_connect,,,,,,,,,,wfh,wftp,,,,elec,,,,,2025-04-02T12:52:19.595353
3,,2,2025-03-28T09:50:13.498023,healthy,pleasant,ecological,tiring,congested,polluting,relax,safe,practical,25-44,,,,,,,,,,,,false,,night,,,,100,bike,car_driver,,,,,,0,3,false,,,,,,,,,,,0,,,,,1,false,1,1,,,,,,,,,,,,,,,,,1,2,false,,,,,0,1,0,0,2,false,0,0,0,2,0,2,0,,,,2,3,5,4,4,3,4,4,2,2,4,4,1,,46.215925919713726,6.148611689883069,20,,region,local,inter,,60,,Rue Jean Tschumi 1015 Ecublens CH,46.52034245,6.56488125,,108,pnjvoKiK7gK9epkW1ydz-g,,0.7,0.7,0,0,1,1,0,0,,train,tpu,,54,52,55,52,55,58,54.9,55,,,,,,,cff_pass_ag,,,,tpg_pass,,,,,,,,train_pro,train_pro,wfh,wftp,,train,train,train,,,,,2025-04-01T07:50:55.257376
3,,2,2025-04-01T07:51:06.499131,,,,,,,,,,65+,,,,,,,,,,,,false,,,,,,100,bike,car_driver,,,,,,0,3,false,,,,,,,,,,,0,,,,,0,false,0,0,,,,,,,,,,,,,,,,,0,0,false,,,,,0,0,0,0,0,false,0,0,0,0,2,0,0,,,,5,2,5,3,3,4,4,4,3,2,3,4,1,,46.22151502455611,6.1033962555274,40,,,,,,0,,,46.52162693765496,6.5646899220817545,,109,Mbt3ngHNP_Hnuq1GHaxEcA,,0.7,0.7,0,0,0,0,0,0,,elec,covoit,,57,59,56,52,54,54,50.9,51,,,,,,,ev_charging,,,,carpool_connect,,,,,,,,,,wfh,wftp,,,,,,,,,2025-04-01T07:52:51.941857
1,,1,2025-04-01T08:01:32.640777,,,,,,,,,,45-64,,,,,,,,,,,,false,,,,,,100,,,,,,,,0,0,false,,,,,,,,,,,0,,,,,0,false,0,0,,,,,,,,,,,,,,,,,0,0,false,,,,,0,0,0,0,0,false,0,0,0,0,0,0,0,,,,1,1,1,1,1,1,1,1,1,1,1,1,1,,46.20809571045919,6.14128513226251,40,,,,,,0,,,46.1649607177653,6.103704360851651,,110,8dL9nxyBk-ZMOEKvZZGAng,,0.7,0.7,0,0,0,0,0,0,,covoit,elec,,47,47,47,52,47,47,46.9,47,,,,,,,,,,,,,,,,,,,,,wfh,wftp,,,,,,,,,2025-04-01T08:02:12.074981
1,,1,2025-04-01T08:04:38.277092,fast,cheap,practical,dangerous,tiring,congested,ecological,relax,pleasant,45-64,,,,,,,,,,,,false,,,,,,100,bike,train_subs,car_driver,,,,,3,0,false,,,,,,,,,,,0,,,,,0,false,0,0,,,,,,,,,,,,,,,,,0,0,false,,,,,0,0,0,0,0,false,0,0,2,5,0,0,0,,,,5,5,5,1,5,5,5,5,1,1,2,5,5,,46.205137474248374,6.181274161573526,40,,region,,,,15,,,46.19985716946459,6.156861607523325,,111,875NnEH_GIGI6N1E4gc5aw,,0.7,0.7,0,0,1,1,1,1,,velo,vae,,49,43,51,60,51,57,58.9,59,,,,,,,shower,bike_parking,bike_equipment,,shower,bike_parking,bike_equipment,,,,,,,train_pro,wfh,wftp,,,,train,,,,,2025-04-01T08:19:04.039064
3,,2,2025-04-01T09:03:56.116099,,,,,,,,,,25-44,,,,,,,,,,,,false,,,,,,100,,,,,,,,0,0,false,,,,,,,,,,,0,,,,,0,false,0,0,,,,,,,,,,,,,,,,,0,0,false,,,,,0,0,0,0,0,false,0,0,0,0,0,0,0,,,,1,1,1,1,1,1,1,1,1,1,1,1,1,,45.92310243280289,6.685869930004145,40,,,,,,20,,,46.52151982210415,6.565360276783764,,112,crdHUfIpqjQbBzEeRMXOzg,,0.7,0.7,1,0,0,0,0,0,,inter,covoit,,47,47,47,52,47,47,46.9,47,,,,,,,cff_pass_ag,,,,carpool_connect,,,,,,,,,,wfh,wftp,,,,,,,,,2025-04-01T09:12:38.931564
3,,2,2025-04-01T09:04:21.812746,healthy,autonomous,fast,slow,expensive,impractical,fast,practical,autonomous,25-44,,,,,,,,,,,,false,true,dependent,,,,100,train_subs,,,,,,,0,0,true,,,,,,,,,,,0,,,,,0,false,0,0,,,,,,,,,,,,,,,,,0,0,false,,,,,0,0,0,0,0,false,0,0,0,0,4,2,0,0,0,0,1,1,1,1,1,1,1,1,1,1,1,1,1,"Avenue des Acacias 6, 1006 Lausanne CH",46.5132475,6.6314534,40,true,,,,,10,,,46.520932001645406,6.56558800616537,,113,5Sm-vyWWIj-3V7-El0HEhw,,0.7,1,0,0,0,1,1,1,,train,velo,,47,47,51,52,55,51,46.9,47,,,,,,,cff_pass_ag,,,,shower,bike_parking,,,,,,,,,wfh,wftp,Bike to Mars,,,,,,,,2025-04-14T13:42:26.059110
1,,1,2025-04-02T09:12:52.720384,,,,,,,,,,65+,,,,,,,,,,,,false,,night,disabled,,,100,car_driver,moto,,,,,,0,4,false,,,,,,,,,,,2,,,,,0,false,0,0,,,,,,,,,,,,,,,,,0,0,false,,,,,0,0,0,0,0,false,0,0,0,0,0,0,0,,,,1,1,1,1,1,1,1,1,1,1,1,1,1,,46.206966819832985,6.143516730162986,40,,,,,,30,,Route de la Galaise 32 1228 Plan-les-Ouates CH,46.1677445,6.1029748,,115,7o0cuTzmRG7AbXje2Zfobg,,1,1,0,0,1,1,0,0,,covoit,elec,,55,55,51,52,47,47,46.9,47,,,,,,,carpool_connect,carpool_parking,,,ev_charging,,,,,,,,,,wftp,,,,,,,,,,2025-04-14T15:54:18.744820
3,,2,2025-04-14T13:26:10.422985,,,,,,,,,,45-64,,,,,,,,,,,,false,true,,,,,100,mob_subs,moto,,,,,,0,0,false,,,,,,,,,,,0,,,,,0,false,0,0,,,,,,,,,,,,,,,,,0,0,false,,,,,0,0,0,0,0,false,0,0,0,0,5,5,5,,,,1,1,1,1,1,1,1,1,1,1,1,1,1,"Rue de la Gare, 1296 Coppet CH",46.317287199999996,6.1878952,40,true,,,,,40,,Rue Jean Tschumi 1015 Ecublens CH,46.52034245,6.56488125,,118,YPPy2kC6jJolHhR3S0kQgQ,,0.7,0.7,0,0,0,1,0,0,,train,covoit,,47,47,52,62,57,57,46.9,47,,,,,,,cff_pass_ag,,,,carpool_connect,,,,,,,,,,wfh,wftp,Bike to Mars,,,,,,,,2025-04-14T13:43:13.821491
3,,2,2025-04-14T14:33:33.968344,,,,,,,,,,45-64,,,,,,,,,,,,false,true,,,,,100,bike,,,,,,,5,0,false,,,,,,,,,,,0,,,,,0,false,0,0,,,,,,,,,,,,,,,,,0,0,false,,,,,0,0,0,0,0,false,0,0,0,0,0,0,0,,,,1,1,1,1,1,1,1,1,1,1,1,1,1,,46.269745783155486,6.161775166468686,40,true,,,,,45,,Rue Jean Tschumi 1015 Ecublens CH,46.52034245,6.56488125,,119,8WPEsRpJeeL7a1t15qMRyg,,0.7,0.7,0,0,0,1,0,0,,train,covoit,,47,47,47,52,47,47,56.9,57,,,,,,,cff_pass_ag,,,,carpool_connect,,,,,,,,,,wfh,wftp,En vélo sur mars,,,,,,,,2025-04-14T14:39:19.105300
3,,2,2025-04-15T15:23:41.968848,slow,tiring,bad_weather,constraining,pleasant,cheap,fast,unpleasant,,25-44,,,,,,,,,,,,false,true,,,,,100,train_subs,ebike,,,,,,3,0,true,,,,,,,,,,,0,,,,,0,false,0,0,,,,,,,,,,,,,,,,,15,0,false,,,,,0,5,5,10,0,false,0,0,0,0,4,3,2,,,,5,5,4,4,3,4,4,3,5,4,4,5,2,,46.20323639861067,6.1428472505287175,40,true,local,,,,25,,Rue Jean Tschumi 1015 Ecublens CH,46.52034245,6.56488125,,121,E6Iq_DAcuoe8rVLV4ylp6A,,0.7,0.7,0,0,0,0,0,0,,elec,covoit,,55,56,60,58,60,59,57.9,58,,,,,,,ev_charging,,,,carpool_connect,,,,,,,,,,wfh,wftp,En vélo sur mars,,velo,,,,,,2025-04-15T15:26:58.797976
3,,2,2025-05-05T12:20:05.535738,healthy,practical,fast,polluting,autonomous,practical,congested,constraining,cheap,25-44,,,,,,,,,,,,false,true,heavy,,,,100,bike,,,,,,,4,0,false,,,,,,,,,,,0,,,,,1,true,1,1,,,,,,,,,,,,,,,,,0,0,false,,,,,0,0,0,0,0,false,0,0,0,0,1,0,0,,,,2,3,3,3,4,4,4,5,1,4,5,1,1,,46.21380998666362,6.150713483477347,5,true,inter,,,,25,,,46.1953277621345,6.14173548689638,,122,0ZxmxbX3b5AgwZ8VpMYS_A,,0.7,1,0,0,1,1,0,0,,tpu,train,,47,46,47,52,58,48,61.9,62,,,,,,,tpg_pass,,,,cff_pass_ag,,,,,,,,,train_pro,wfh,wftp,Bike to Mars,train,,,,,,,2025-05-19T06:17:42.834997
3,,2,2025-05-08T08:35:44.248809,,,,,,,,,,16-24,,,,,,,,,,,,false,true,,,,,100,,,,,,,,0,0,false,,,,,,,,,,,0,,,,,0,false,0,0,,,,,,,,,,,,,,,,,0,0,false,,,,,0,0,0,0,0,false,0,0,0,0,0,0,0,,,,1,1,1,1,1,1,1,1,1,1,1,1,1,,46.973759963931656,4.100859583033383,40,true,inter,,,,5,,,46.278942551790436,-0.14242888563913425,,123,q-lNabR5ughd5nYzs35nmA,,,,,,,,,,'t_tp',,,,,,,,,,,,,,,,,,,,,,,,,,,,,,,,,,,,,,,,,,2025-05-08T08:37:03.933169
3,,2,2025-07-10T06:16:28.507141,,,,,,,,,,,,,,,,,,,,,,false,true,,,,,100,,,,,,,,0,0,false,,,,,,,,,,,0,,,,,0,false,0,0,,,,,,,,,,,,,,,,,0,0,false,,,,,0,0,0,0,0,false,0,0,0,0,0,0,0,,,,1,1,1,1,1,1,1,1,1,1,1,1,1,,46.20445415944272,6.145765493937176,40,true,,,,,5,,,46.51948607559197,6.569147034953488,,126,4ysNGvEEfR2cXvONwOmuyw,,0.7,0.7,0,0,0,0,0,0,,covoit,elec,,47,47,47,52,47,47,47,47,,,,,,,carpool_connect,,,,ev_charging,,,,,,,,,,wfh,wftp,En vélo sur mars,,,,,,,,2025-07-11T13:47:18.238628
3,,2,2025-09-01T14:25:43.433169,,,,,,,,,,45-64,,,,,,,,,,,,false,true,,,,,100,ebike,car_driver,bike,,,,,3,0,false,5,carpool,,,,,,,,,0,0,false,0,0,0,false,0,0,12,46.52726070140534,6.545247267576457,821f87fffffffff,pub,2,47.016009172528754,-73.29757299215495,81603ffffffffff,plane,,,,,,,0,0,false,7,46.809972414353325,4.165333937499071,car,0,0,0,0,0,false,0,0,0,0,4,4,2,,,,1,1,1,1,1,1,1,1,1,1,1,1,1,,46.53429409743336,6.5848684193669555,40,true,local,,,true,35,,Rue Jean Tschumi 1015 Ecublens CH,46.52034245,6.56488125,,128,UXFCQx8829DELMtUcAftMg,0,0.7,0.7,0,1,0,1,1,1,,marche,velo,47,52,47,47,63,47,47,47,47,,,,,,,,,,,shower,bike_parking,,,train_pro,,,,,,wfh,wftp,En vélo sur mars,,,,train,avoid,,,2025-10-01T10:15:21.962407
3,,2,2025-09-16T19:37:52.889433,,,,,,,,,,45-64,collective,environment,,0,,,,,,,,false,true,night,,,,100,train_subs,,,,,,,,,,3,bike,train,bike,2,car,,,,,,,,,,,,,,3,,,851f822ffffffff,car,1,,,821fb7fffffffff,train,161,812b3ffffffffff,plane,,,,,,,,,,,,,,,,,,,,,,,,,,,1,1,1,1,1,1,1,4,1,1,1,1,4,,46.417686419072226,6.2867194845134975,40,true,,,,true,5,2.0.0,Rue Jean Tschumi 1015 Ecublens CH,46.52034245,6.56488125,,133,EtyqBJGs25pvr-DRg5kwbw,0.8,0.7,0.7,1,0,0,1,0.9,1,,velo,train,62,47,47,56,72,47,56,56,62,,,,,,,shower,bike_parking,,,cff_pass_ag,,,,,,train_pro,,,,wfh,wftp,Bike to Mars,,,,elec,train,avoid,,2025-09-30T11:40:57.435596
3,,2,2025-09-30T06:23:30.553284,,,,,,,,,,25-44,,,,0,,,,,,,,false,true,dependent,,,,100,bike,ebike,car_driver,car_passenger,car,,,,,,5,car,,,,,,,,,,,,,,,,,,,,,,,,,,,,,,,,,,,,,,,,,,,,,,,,,,,,,,,,,1,5,5,1,1,1,4,5,3,1,4,2,2,"Avenue des Acacias 6, 1006 Lausanne CH",46.5132475,6.6314534,40,true,,,,false,20,2.0.0,Rue Jean Tschumi 1015 Ecublens CH,46.52034245,6.56488125,,143,r7xDnVDC2QafMyfvI_qQ_A,1,0.7,0.9,0,0,0,1,0,0,,cargo,train,63,50,40,47,66,60,46,58,63,,,,,,cargo,,,,,cff_pass_ag,,,,,,,,,,wfh,wftp,Bike to Mars,,,,,,,,2025-11-18T13:36:45.562004
5,,3,2025-09-30T08:19:10.046820,,,,,,,,,,25-44,,,,,,,,,,,,false,true,,,,,100,bike,car_driver,train_subs,upt_subs,,,,,,,3,bike,,,2,pub,,,,,,,,,,,,,,8,,,851f91affffffff,pub,,,,,,,,,,,,,,,,,,,,,,,,,,,,,,,,,,,5,1,5,5,5,5,2,5,1,1,1,5,5,,46.25752928629154,6.113440772325788,20,true,,,,true,40,2.0.0,,46.16552172746694,6.102724407100709,,148,_ZZWZ5hMU9v_04s6Cm2H_g,0.8,0.7,0.7,0,0,1,0,1,1,,velo,vae,63,45,50,54,75,51,59,57,63,,,,,,,"Liste des aides disponibles au sein de l'organisation pour les cyclistes (subventions, accès à des douches et des casiers, parking à vélos sécurisé, etc.)",,,,"Liste des aides disponibles au sein de l'organisation pour les cyclistes (subventions, accès à des douches et des casiers, parking à vélos sécurisé, etc.)",,,,,,,,,,"Liste des aides disponibles dans l'organisation (télétravail, horaires adaptables...)",,,,,,bike,,,,2025-09-30T08:23:17.278400
3,,2,2025-10-01T12:12:24.473291,,,,,,,,,,45-64,,,,0,,,,,,,,false,true,none,,,,100,bike,train_subs,car_driver,,,,,,,,5,car,,,,,,,,,,,,,,,,,,1,,,821f27fffffffff,plane,,,,,,,,,,,,,,,,,,,,,,,,,,,,,,,,,,,1,1,1,1,1,1,1,1,1,1,1,1,1,,46.53197518712355,6.559894633176469,40,true,,,,true,30,2.0.0,Rue Jean Tschumi 1015 Ecublens CH,46.52034245,6.56488125,,155,e3P4NtXOEZ42li8HTR4s_g,0,0.7,0.7,0,1,0,1,1,1,,marche,velo,47,47,47,47,63,47,47,47,47,,,,,,,,,,,shower,bike_parking,,,,,,,,,wfh,wftp,Bike to Mars,,,,avoid,,,,2025-10-09T09:05:10.566426
5,,3,2025-10-02T07:11:46.739599,,,,,,,,,,25-44,finance,,,0,,,,,,,,false,true,,,,,100,upt_subs,,,,,,,,,,3,pub,,,,,,,,,,,,,,,,,,,,,,,,,,,,,,,,,,,,,,,,,,,,,,,,,,,,,,,,,4,4,4,4,3,4,4,5,1,1,1,1,4,,46.200167063266434,6.141465575197174,40,true,,,,false,20,2.0.0,Genève CH,46.2218173,6.1474066,,158,869vsX_A0QLuNEfx9O-plA,0,0.7,0.7,0,0,1,1,1,1,,velo,tpu,56,46,48,50,72,55,46,52,56,,,,,,,"Liste des aides disponibles au sein de l'organisation pour les cyclistes (subventions, accès à des douches et des casiers, parking à vélos sécurisé, etc.)",,,,"Liste des aides disponibles au sein de l'organisation pour les transports publics (abonnement de transport public, abonnement demi-tarif, etc.)",,,,,,,,,,"Liste des aides disponibles dans l'organisation (télétravail, horaires adaptables...)",,,,,,,,,,2025-10-07T06:30:44.215491
3,,2,2025-10-07T12:18:52.754377,,,,,,,,,,,,,,,,,,,,,,false,true,,,,,100,moto,bike,ebike,,,,,,,,2,bike,,,,,,,,,,,,,,,,,,,,,,,,,,,,,,,,,,,,,,,,,,,,,,,,,,,,,,,,,1,1,1,1,1,1,1,1,1,1,1,1,1,,46.25403870099211,5.668096122884066,40,true,,,,false,5,2.0.0,,46.199489065824,6.128956133283083,,168,--IVKjvBiM56rrgeR21WMw,0.9,0.7,0.7,1,0,0,0,0,1,,velo,cargo,53,47,47,47,63,47,47,49,53,,,,,,,shower,bike_parking,,cargo,,,,,,,,,,,wfh,wftp,En vélo sur mars,,,,,,,,2025-10-07T12:22:38.538169
5,"Merci Yannick, c'est le top!",3,2025-10-07T15:17:58.367391,,,,,,,,,,25-44,flexibility,finance,,5,,,,,,,,false,true,none,,,,100,bike,train_subs,upt_subs,mob_subs,,,,,,,3,walking,train,pub,,,,,,,,,,,,,,,,1,,,851f9027fffffff,pub,1,,,821fa7fffffffff,plane,1,823947fffffffff,plane,1,813cfffffffffff,plane,,,,,,,,,,,,,,,,,,,,,,,,2,3,5,4,3,3,4,2,1,2,3,4,1,,46.21342681930619,6.150660193080284,40,true,,,,true,55,2.0.0,,46.522899697033324,6.565289995372353,,170,0staGXI60pjIacBOe5RidA,0,0.7,0.7,1,0,1,1,0,0,,train,inter,53,45,45,63,72,61,63,53,52,,,,,,,"List of support available within the organization for train (half-fare pass, possibility to work in the train, etc.)",,,,"List of support available within the organization for intermodality (access to P+R or B+R parkings, personalised support, etc.)",,,,,,,,,,"List of support available within the organization (teleworking, flexible working hours, etc.)",,,,,,pub,train,train,avoid,2025-10-07T15:27:00.383996
5,,3,2025-10-07T15:44:27.779948,,,,,,,,,,16-24,collective,environment,,5,,,,,,,,false,true,dependent,,,,80,bike,upt_subs,car,,,,,,,,3,car,,,1,bike,,,1,pub,,,,,,,,,,1,,,851f8ad7fffffff,plane,1,,,821f07fffffffff,plane,1,851f91affffffff,moto,,,,,,,,,,,,,,,,,,,,,,,,,,,1,1,1,1,1,1,1,1,1,1,1,1,1,,46.188664539944085,6.143387198575795,20,true,,,,true,30,2.0.0,Genève CH,46.2218173,6.1474066,,171,_F4m6rGcmjDlqp0EAEsIKA,1,0.7,0.9,0,0,1,1,0,1,,velo,tpu,50,47,47,48,63,50,47,48,50,,,,,,,"Liste des aides disponibles au sein de l'organisation pour les cyclistes (subventions, accès à des douches et des casiers, parking à vélos sécurisé, etc.)",,,,"Liste des aides disponibles au sein de l'organisation pour les transports publics (abonnement de transport public, abonnement demi-tarif, etc.)",,,,,,,,,,"Liste des aides disponibles dans l'organisation (télétravail, horaires adaptables...)",,,,,,elec,train,elec_moto,,2025-10-07T15:47:25.622683
5,,3,2025-10-21T19:46:09.948627,,,,,,,,,,45-64,,,,1,,,,,,,,false,true,none,,,,100,moto,bike,car,,,,,,,,5,moto,,,,,,,,,,,,,,,,,,1,,,821fa7fffffffff,plane,,,,,,,,,,,,,,,,,,,,,,,,,,,,,,,,,,,3,1,2,5,2,5,5,4,2,5,3,3,2,,46.235826036005676,6.14799675981746,0,true,,,,true,15,2.0.0,,46.215632529424624,6.132269698923011,,172,aazDSRV9e5JLogbBSH_N0g,0,0.7,0.7,0,0,1,1,1,1,,vae,velo,62,48,59,54,66,46,50,62,50,,,,,,,"Liste des aides disponibles au sein de l'organisation pour les cyclistes (subventions, accès à des douches et des casiers, parking à vélos sécurisé, etc.)",,,,"Liste des aides disponibles au sein de l'organisation pour les cyclistes (subventions, accès à des douches et des casiers, parking à vélos sécurisé, etc.)",,,,,,,,,,"Liste des aides disponibles dans l'organisation (télétravail, horaires adaptables...)",,,,,,train,,,,2025-10-21T19:52:14.963380
5,,3,2025-10-21T19:52:49.904502,,,,,,,,,,65+,environment,,,4,,,,,,,,false,true,heavy,,,,75,ebike,car,,,,,,,,,5,car,,,,,,,,,,,,,,,,,,1,,,851f9027fffffff,train,,,,,,,,,,,,,,,,,,,,,,,,,,,,,,,,,,,5,2,3,4,1,4,5,1,4,1,1,1,1,,46.235615328414156,6.14796286151477,0,true,,,,true,10,2.0.0,,46.26366007694952,6.115447104903552,,173,5Bx-sYRw1l2xI24kqPXgXA,0,0.7,0.9,0,0,0,0,0,0,,elec,covoit,48,53,62,50,63,43,45,48,44,,,,,,,"Liste des aides disponibles au sein de l'organisation pour l'électrification (subventions, accès prioritaire au stationnement, etc.)",,,,"Liste des aides disponibles au sein de l'organisation pour le covoiturage (faciliter les rencontres entre covoitureurs, accès prioritaire au stationnement, etc.)",,,,,,,,,,"Liste des aides disponibles dans l'organisation (télétravail, horaires adaptables...)",,,,,,train,,,,2025-10-21T19:56:33.524738
5,,3,2025-10-23T06:09:59.057440,,,,,,,,,,25-44,,,,,,,,,,,,false,true,dependent,,,,80,bike,ebike,upt_subs,,,,,,,,3,ebike,,,,,,,,,,,,,,,,,,,,,,,,,,,,,,,,,,,,,,,,,,,,,,,,,,,,,,,,,1,1,5,5,1,5,1,5,1,1,5,1,3,,46.201414445711066,6.146671007964443,30,true,,,,false,15,2.0.0,,46.21832008149684,6.1462318441869,,174,aPhHpooh5OgzAshs1R4vjw,1,0.7,0.9,0,0,1,1,1,0,,cargo,vae,68,38,50,48,69,52,47,67,68,,,,,,cargo,,,,,"List of support available within the organization for cycling (subsidizes, access to shower and lockers, secure bike park, etc.)",,,,,,,,,,"List of support available within the organization (teleworking, flexible working hours, etc.)",,,,,,,,,,2025-10-23T06:11:48.931462
5,,3,2025-10-27T18:23:23.840661,,,,,,,,,,25-44,finance,flexibility,environment,5,,,,,,,,false,true,dependent,,,,100,bike,upt_subs,train_subs,car,,,,,,,3,ebike,pub,car,,,,,,,,,,,,,,,,,,,,,,,,,,,,,,,,,,,,,,,,,,,,,,,,,,,,,,,3,2,3,5,3,3,5,5,5,1,4,5,5,"École Polytechnique Fédérale de Lausanne, Chemin de la Dent d'Oche, 1024 Ecublens CH",46.518754400000006,6.566174200000001,10,true,,,,false,25,2.0.0,1090 Lutry CH,46.5163512,6.7025513,,175,jeHOd3yMoQM5jVYmHpSuwg,1,0.7,0.9,1,0,1,0,0,0,,inter,tpu,55,55,60,65,75,60,55,55,52,,,,,,,"List of support available within the organization for intermodality (access to P+R or B+R parkings, personalised support, etc.)",,,,"List of support available within the organization for public transport (public transport pass, half-fare pass, etc.)",,,,,,,,,,"List of support available within the organization (teleworking, flexible working hours, etc.)",,,,,,,,,,2025-10-27T18:27:31.372766
3,,2,2025-12-09T16:18:07.256524,,,,,,,,,,45-64,,,,5,,finance,,,4,,,false,true,,,,,100,moto,,,,,,,,,,5,moto,,,,,,,,,,,,,,,,,,,,,,,,,,,,,,,,,,,,,,,,,,,,,,,,,,,,,,,,,1,1,1,1,1,1,1,1,1,1,1,1,1,,46.17834619612853,6.061073209731603,40,true,,,,false,30,2.0.0,Rue Jean Tschumi 1015 Ecublens CH,46.52034245,6.56488125,,176,pc4rUvxsZMaE0Us98uiIoA,0,0.7,0.7,1,0,0,0,0,0,,inter,covoit,52,47,47,47,63,47,47,52,47,,,,,,,,,,,carpool_connect,,,,,,,,,,wfh,wftp,Bike to Mars,,,,,,,,2025-12-09T16:19:00.192786
6,,4,2025-12-11T05:23:31.333393,,,,,,,,,,16-24,flexibility,,,4,,collective,,,0,,,false,true,,,,,100,upt_subs,train_subs,,,,,,,,,3,car,walking,,1,walking,,,,,,,,,,,,,,,,,,,,,,,,,,,,,,,,,,,,,,,,,,,,,,,,,,,,,1,1,1,1,1,1,1,1,1,1,1,1,1,,46.38487141261862,6.236604527273698,40,true,,,,false,50,2.0.0,"Route de Rieu 10, 1217 Petit-Lancy",46.1975,6.115,Migros Rieu / Petit-Lancy,178,t1vihPF3neWfB690zUQflg,,,,,,,,,,,inter,train,,,,,,,,,,343,2644,40,36,79,,,,,,,,,,,,,,,,,,,,,,,,,,2026-02-20T15:39:32.203957
6,,4,2025-12-11T13:17:26.313170,,,,,,,,,,45-64,flexibility,,,5,,environment,collective,finance,5,,,false,true,disabled,,,,100,car,,,,,,,,,,5,car,,,,,,,,,,,,,,,,,,,,,,,,,,,,,,,,,,,,,,,,,,,,,,,,,,,,,,,,,1,1,1,1,1,1,1,1,1,1,1,1,1,,46.19856338169188,6.1834653996511975,40,true,,,,false,25,2.0.0,"Rue de Carouge 64, 1205 Genève",46.19288,6.142803,Migros Plainpalais,179,UfExBvIVF_kITAtKcubK_g,0,0.9,0.9,0,0,1,1,0,0,,tpu,train,47,47,47,47,63,47,47,47,47,,,,,,,,,,,,,,,,,,,,,,,,,,,,,,,2025-12-11T13:18:29.504149
6,Top (MGA),4,2025-12-11T13:31:02.928178,,,,,,,,,,25-44,finance,,,0,,flexibility,,,0,,,false,true,,,,,100,,,,,,,,,,,3,moto,,,,,,,,,,,,,,,,,,,,,,,,,,,,,,,,,,,,,,,,,,,,,,,,,,,,,,,,,2,4,5,4,5,4,3,4,1,1,4,5,3,,46.20791720508444,6.136392783020767,40,true,,,,false,20,2.0.0,Route de la Galaise 32 1228 Plan-les-Ouates CH,46.1677445,6.1029748,alpha,180,dBiz7BgbDxW1bUGiYc7aGg,0,0.7,0.7,0,0,1,1,1,0,,train,vae,56,45,42,52,69,55,57,55,56,,,,,,,,,,,,,,,,,,,,,,,,,,,,,,,2025-12-11T13:32:31.528981
6,,4,2025-12-11T13:33:22.808308,,,,,,,,,,,environment,,,5,,environment,,,0,,,false,true,,,,,100,,,,,,,,,,,3,ebike,,,,,,,,,,,,,,,,,,11,,,851f91abfffffff,truck,,,,,,,,,,,,,,,,,,,,,,,,,,,,,,,,,,,3,3,5,4,5,4,5,5,1,1,1,1,1,,46.24532169116071,6.019598806314548,40,true,,,,true,30,2.0.0,"Route de Vernier 52, 1214 Vernier",46.2067,6.1225,Migros Vernier,181,UY8fTPsH0-Mnuxb8oMoZKg,,,,,,,,,,,vae,cargo,,,,,,,,,,294,2721,16,32,32,,,,,cargo,,,,,,,,,,,,,,,,,elec_truck,,,,2026-02-12T12:34:45.540107
6,,4,2025-12-11T13:59:08.611150,,,,,,,,,,16-24,environment,,,5,,finance,,,5,,,false,true,none,,,,100,moto,,,,,,,,,,5,moto,,,,,,,,,,,,,,,,,,,,,,,,,,,,,,,,,,,,,,,,,,,,,,,,,,,,,,,,,2,4,3,3,3,3,4,2,3,4,3,3,1,,46.19005794363446,6.214873953525057,0,true,,,,false,45,2.0.0,"Rue des Pâquis 41, 1201 Genève",46.2123,6.1498,Migros Navigation,182,QOsRAVjrm91cqy0Z6nbT5g,0,0.7,0.7,0,0,1,1,1,0,,vae,tpu,57,51,49,50,63,52,50,57,50,,,,,,,,,,,,,,,,,,,,,,,,,,,,,,,2025-12-11T14:00:51.546075
6,test,4,2025-12-11T14:01:30.880763,,,,,,,,,,,,,,1,,,,,0,,,false,true,,,,,100,train_subs,,,,,,,,,,2,ebike,,,3,car,,,,,,,,,,,,,,,,,,,,,,,,,,,,,,,,,,,,,,,,,,,,,,,,,,,,,2,5,5,5,1,3,4,5,2,3,1,1,5,,46.20072356431069,6.124774713564705,40,true,,,,false,5,2.0.0,"Rue des Pâquis 41, 1201 Genève",46.2123,6.1498,Migros Navigation,183,8CY5PFACQrSmehNQ53B0ww,0.9,0.7,0.7,0,0,0,0,1,0,,vae,cargo,63,45,48,45,75,48,42,62,63,,,,,,,,,,cargo,,,,,,,,,,,wfh,wftp,wfro,,,,,,,,2026-01-13T14:27:13.268757
3,,2,2025-12-16T13:27:50.250383,,,,,,,,,,45-64,finance,,,5,,finance,collective,,5,,,false,true,night,,,,100,car,,,,,,,,,,1,car,,,,,,,,,,,,,,,,,,,,,,,,,,,,,,,,,,,,,,,,,,,,,,,,,,,,,,,,,1,1,1,1,1,1,1,1,1,1,1,1,1,,46.20535440092627,6.116469689897315,40,true,,,,false,30,2.0.0,Rue Jean Tschumi 1015 Ecublens CH,46.52034245,6.56488125,alpha,185,HPXwH-F06Bnwweavplz8bg,0,0.7,0.7,0,0,0,1,0,0,,train,covoit,47,47,47,47,63,47,47,47,47,,,,,,,cff_pass_ag,,,,carpool_connect,,,,,,,,,,wfh,wftp,Bike to Mars,,,,,,,,2025-12-16T13:29:57.608565
6,,4,2026-01-12T12:24:01.691918,,,,,,,,,,45-64,,,,,,,,,,,,,true,,,,,100,,,,,,,,,,,5,car,,,5,moto,,,,,,,,,,,,,,1,,,851f91a7fffffff,cargo,,,,,,,,,,,,,,,,,,,,,,,,,,,,,,,,,,,1,1,1,1,1,1,1,1,1,1,1,1,1,,46.201739407028356,6.156155299041416,40,true,,,,true,5,2.0.0,,46.20664012110558,6.131478976104944,_other,186,d4CI_1kHZK5FlCl9MzdHjQ,0,0.7,0.7,0,0,1,1,1,1,,vae,velo,52,47,47,47,63,47,47,52,47,295,2774,4,9,9,,,,,,,,,,,,,,,,,,,,,,cargo,,,,2026-02-05T09:40:20.521298
7,,5,2026-01-13T15:51:32.511175,,,,,,,,,,65+,,,,,,,,,,,,false,true,,,,,100,,,,,,,,,,,3,walking,train,pub,2,moto,,,,,,,,,,,,,,12,,,851f9c97fffffff,car,1,,,821fb7fffffffff,plane,,,,,,,,,,,,,,,,,,,,,,,,,,,,,,3,4,5,5,2,3,5,3,3,1,2,4,1,,46.51765095946166,6.628833644594238,0,true,,,,true,30,2.0.0,,46.528649789895695,6.568030493268168,_other,187,az96jfBmi4YeEGGFgxaWiA,0,0.7,0.7,1,0,1,1,1,1,,inter,train,55,49,52,62,72,58,60,55,54,526,1601,8,17,17,,,,,,,,,,,,,,,,,,,,,,train,train,,,2026-01-14T09:18:05.473326
6,test,4,2026-01-26T14:36:18.233933,,,,,,,,,,65+,other,,,,test,other,,,4,j'utilise déjà ce mode,,false,true,heavy,,,,100,bike,train_subs,ev,,,,,,,,2,walking,train,other,3,moto,,,,,,,,,,,,,,1,,,851f91a7fffffff,truck,1,,,851f91a3fffffff,cargo,,,,,,,,,,,,,,,,,,,,,,,,,,,,,,2,2,5,3,4,3,4,3,4,5,2,4,1,,46.211352406632216,6.147866445824917,0,true,,,,true,20,2.0.0,,46.3813733597797,6.23722684215582,_other,188,-71D6AOgBoLpJD-ywITzuA,0,0.7,0.9,1,0,0,1,0,0,,train,inter,59,52,50,56,69,51,63,59,51,524,2765,35,40,70,,,,,,,,,,,,,,,,,,,,,,bike,pub,,,2026-01-26T14:40:25.467843
6,"TEST Questionnaire trop compliqué, les questions n'étaient pas claires, trop long, etc. ",4,2026-01-29T10:18:36.469382,,,,,,,,,,25-44,flexibility,,,1,,finance,,,4,,,,true,night,,,,100,bike,upt_subs,car,,,,,,,,5,car,,,,,,,,,,,,,,,,,,52,,,851f91abfffffff,cargo,12,,,851f8343fffffff,car,220,851f91a7fffffff,truck,,,,,,,,,,,,,,,,,,,,,,,,,,,2,3,2,2,4,3,4,1,5,1,5,4,1,,46.1845629625592,6.122008416081542,0,true,,,,true,20,2.0.0,"Avenue Louis-Casaï 27, 1211 Genève",46.218861,6.1131,Migros Balexert - PickMup / annexes,189,qRUTG-xXFhIYt7zRewmATQ,0,0.7,0.7,0,0,1,1,1,1,,tpu,train,45,57,53,55,63,56,54,45,43,242,2805,8,17,17,,,,,,,,,,,,,,,,,,,,,,cargo,train,elec_truck,,2026-01-29T10:33:39.890837
6,,4,2026-02-05T09:36:48.709631,,,,,,,,,,,,,,0,,,,,0,,,,true,,,,,15,,,,,,,,,,,5,car,,,,,,,,,,,,,,,,,,,,,,,,,,,,,,,,,,,,,,,,,,,,,,,,,,,,,,,,,1,1,1,1,1,1,1,1,1,1,1,1,1,,46.206043334037304,6.140469740723205,0,true,,,,false,5,2.0.0,"Avenue Louis-Casaï 27, 1211 Genève (Balexert)",46.218861,6.113098,Migros MMM Balexert,190,f9BHGRK2aRvs-9r1Bb1TKQ,,,,,,,,,,,velo,vae,,,,,,,,,,242,2042,5,10,10,,,,,,,,,,,,,,,,,,,,,,,,,,2026-02-11T12:46:49.087859
6,,4,2026-02-10T12:34:15.795509,,,,,,,,,,25-44,,,,0,,,,,,,,false,true,night,,,,60,bike,,,,,,,,,,2,bike,walking,,,,,,,,,,,,,,,,,,,,,,,,,,,,,,,,,,,,,,,,,,,,,,,,,,,,,,,,3,5,1,5,1,3,3,1,2,1,1,1,1,,46.2108748694923,6.126337274567334,50,true,,,,false,5,2.0.0,"Rue de Carouge 70, 1205 Genève",46.1929,6.1429,Migros Plainpalais - Annex,191,EHyxNX2RklcBEoewGZF9lA,,,,,,,,,,,inter,elec,,,,,,,,,,369,2763,6,11,11,,,,,,,,,,,,,,,,,,,,,,,,,,2026-02-10T12:35:54.478063